,timestamp,eth,ROI
0,2017-06-23 00:00:00,0.1545,
1,2017-06-24 00:00:00,0.19409090909090912,0.2562518387761108
2,2017-06-25 00:00:00,0.13846153846153847,-0.28661502431994246
3,2017-06-26 00:00:00,0.13555555555555554,-0.020987654320987814
4,2017-06-27 00:00:00,0.2222222222222222,0.639344262295082
5,2017-06-28 00:00:00,0.28736842105263155,0.29315789473684206
6,2017-06-29 00:00:00,0.18857142857142856,-0.3437990580847724
7,2017-06-30 00:00:00,0.28695652173913044,0.5217391304347827
8,2017-07-01 00:00:00,1.1891666666666667,3.1440656565656564
9,2017-07-02 00:00:00,0.32967741935483874,-0.7227660103533241
10,2017-07-03 00:00:00,0.5128846153846154,0.5557165437302423
11,2017-07-04 00:00:00,0.8398360655737704,0.6374756434134257
12,2017-07-05 00:00:00,0.385,-0.5415772008588717
13,2017-07-06 00:00:00,1.1477272727272727,1.9811097992916173
14,2017-07-07 00:00:00,0.7734146341463415,-0.3261337841101183
15,2017-07-08 00:00:00,0.43700000000000006,-0.4349731945758435
16,2017-07-09 00:00:00,0.4194117647058824,-0.04024767801857587
17,2017-07-10 00:00:00,0.8372727272727274,0.9963024352926177
18,2017-07-11 00:00:00,0.6768181818181819,-0.19163952225841485
19,2017-07-12 00:00:00,0.47058823529411764,-0.30470509224509157
20,2017-07-13 00:00:00,0.8340625,0.7723828125000001
21,2017-07-14 00:00:00,0.3228571428571429,-0.6129101322057485
22,2017-07-15 00:00:00,0.64,0.982300884955752
23,2017-07-16 00:00:00,0.68,0.0625
24,2017-07-17 00:00:00,1.542,1.2676470588235293
25,2017-07-18 00:00:00,0.4456666666666667,-0.7109814094249891
26,2017-07-19 00:00:00,0.555483870967742,0.24641107920959304
27,2017-07-20 00:00:00,0.5009523809523809,-0.09816934904042929
28,2017-07-21 00:00:00,0.4680952380952381,-0.06558935361216722
29,2017-07-22 00:00:00,0.3484615384615385,-0.255575553642695
30,2017-07-23 00:00:00,0.315,-0.09602649006622521
31,2017-07-24 00:00:00,0.334,0.060317460317460325
32,2017-07-25 00:00:00,1.07,2.2035928143712575
33,2017-07-26 00:00:00,0.314,-0.7065420560747664
34,2017-07-27 00:00:00,0.275,-0.12420382165605093
35,2017-07-28 00:00:00,0.39,0.4181818181818182
36,2017-07-29 00:00:00,0.615,0.5769230769230769
37,2017-07-30 00:00:00,0.46875000000000006,-0.23780487804878037
38,2017-07-31 00:00:00,0.525,0.11999999999999988
39,2017-08-01 00:00:00,0.24000000000000002,-0.5428571428571428
40,2017-08-02 00:00:00,2.4,8.999999999999998
41,2017-08-03 00:00:00,0.9766666666666668,-0.5930555555555554
42,2017-08-04 00:00:00,0.20500000000000002,-0.7901023890784983
43,2017-08-05 00:00:00,2.066666666666667,9.08130081300813
44,2017-08-07 00:00:00,0.28,-0.864516129032258
45,2017-08-08 00:00:00,0.6759999999999999,1.4142857142857137
46,2017-08-09 00:00:00,0.30000000000000004,-0.5562130177514792
47,2017-08-10 00:00:00,0.30500000000000005,0.016666666666666607
48,2017-08-11 00:00:00,0.26875,-0.11885245901639363
49,2017-08-12 00:00:00,0.19823529411764707,-0.26238030095759224
50,2017-08-13 00:00:00,0.3871428571428571,0.952946163628656
51,2017-08-14 00:00:00,0.5666666666666668,0.46371463714637184
52,2017-08-15 00:00:00,0.225,-0.6029411764705883
53,2017-08-16 00:00:00,0.35,0.5555555555555554
54,2017-08-17 00:00:00,0.25,-0.2857142857142857
55,2017-08-18 00:00:00,0.30000000000000004,0.20000000000000018
56,2017-08-19 00:00:00,0.4,0.33333333333333326
57,2017-08-20 00:00:00,0.55,0.375
58,2017-08-21 00:00:00,0.30750000000000005,-0.4409090909090908
59,2017-08-22 00:00:00,0.34,0.1056910569105689
60,2017-08-23 00:00:00,0.245,-0.27941176470588247
61,2017-08-24 00:00:00,,0.0
62,2017-08-25 00:00:00,0.26,0.061224489795918435
63,2017-08-26 00:00:00,0.30000000000000004,0.15384615384615397
64,2017-08-28 00:00:00,0.37111111111111117,0.23703703703703716
65,2017-08-29 00:00:00,0.25,-0.32634730538922163
66,2017-08-30 00:00:00,0.23500000000000001,-0.05999999999999994
67,2017-08-31 00:00:00,0.27,0.14893617021276606
68,2017-09-01 00:00:00,0.262,-0.029629629629629672
69,2017-09-02 00:00:00,1.07,3.083969465648855
70,2017-09-03 00:00:00,,0.0
71,2017-09-04 00:00:00,0.35000000000000003,-0.6728971962616822
72,2017-09-06 00:00:00,,0.0
73,2017-09-08 00:00:00,0.25,-0.2857142857142858
74,2017-09-10 00:00:00,0.22999999999999998,-0.08000000000000007
75,2017-09-11 00:00:00,0.235,0.021739130434782705
76,2017-09-12 00:00:00,0.14,-0.4042553191489361
77,2017-09-16 00:00:00,0.29,1.0714285714285712
78,2017-09-17 00:00:00,0.27,-0.06896551724137923
79,2017-09-18 00:00:00,0.22,-0.18518518518518523
80,2017-09-19 00:00:00,0.3875,0.7613636363636365
81,2017-09-20 00:00:00,0.44333333333333336,0.1440860215053763
82,2017-09-21 00:00:00,0.2025,-0.5432330827067668
83,2017-09-22 00:00:00,0.27,0.33333333333333326
84,2017-09-23 00:00:00,0.21500000000000002,-0.20370370370370372
85,2017-09-24 00:00:00,0.16,-0.2558139534883722
86,2017-09-25 00:00:00,,0.0
87,2017-09-26 00:00:00,,0.0
88,2017-09-27 00:00:00,0.35,1.1875
89,2017-09-28 00:00:00,0.12,-0.6571428571428571
90,2017-09-29 00:00:00,0.16285714285714284,0.357142857142857
91,2017-09-30 00:00:00,0.054000000000000006,-0.6684210526315788
92,2017-10-01 00:00:00,1.5,26.777777777777775
93,2017-10-02 00:00:00,,0.0
94,2017-10-03 00:00:00,,0.0
95,2017-10-04 00:00:00,0.2,-0.8666666666666667
96,2017-10-05 00:00:00,,0.0
97,2017-10-08 00:00:00,0.30000000000000004,0.5000000000000002
98,2017-10-09 00:00:00,0.09,-0.7000000000000001
99,2017-10-11 00:00:00,0.22,1.4444444444444446
100,2017-10-12 00:00:00,0.13,-0.40909090909090906
101,2017-10-13 00:00:00,0.2625,1.0192307692307692
102,2017-10-14 00:00:00,0.19,-0.2761904761904762
103,2017-10-15 00:00:00,0.17666666666666667,-0.07017543859649122
104,2017-10-16 00:00:00,0.27,0.5283018867924529
105,2017-10-19 00:00:00,0.09,-0.6666666666666667
106,2017-10-20 00:00:00,0.32,2.555555555555556
107,2017-10-21 00:00:00,0.26,-0.1875
108,2017-10-25 00:00:00,0.15,-0.42307692307692313
109,2017-10-26 00:00:00,0.13,-0.1333333333333333
110,2017-10-27 00:00:00,0.10000000000000002,-0.23076923076923062
111,2017-10-28 00:00:00,0.10000000000000002,0.0
112,2017-10-29 00:00:00,0.07,-0.30000000000000004
113,2017-10-30 00:00:00,0.23666666666666666,2.3809523809523805
114,2017-10-31 00:00:00,0.12166666666666666,-0.4859154929577465
115,2017-11-01 00:00:00,0.095,-0.2191780821917808
116,2017-11-02 00:00:00,0.13,0.368421052631579
117,2017-11-04 00:00:00,0.09666666666666668,-0.2564102564102564
118,2017-11-07 00:00:00,0.9,8.310344827586206
119,2017-11-09 00:00:00,0.23000000000000004,-0.7444444444444445
120,2017-11-12 00:00:00,0.29,0.2608695652173909
121,2017-11-13 00:00:00,0.1,-0.6551724137931034
122,2017-11-14 00:00:00,0.2,1.0
123,2017-11-15 00:00:00,0.20500000000000002,0.02499999999999991
124,2017-11-19 00:00:00,0.1,-0.5121951219512195
125,2017-11-20 00:00:00,0.1,0.0
126,2017-11-21 00:00:00,,0.0
127,2017-11-22 00:00:00,0.09888888888888889,-0.011111111111111183
128,2017-11-23 00:00:00,0.16,0.6179775280898876
129,2017-11-24 00:00:00,0.09,-0.4375
130,2017-11-25 00:00:00,0.30000000000000004,2.333333333333334
131,2017-11-26 00:00:00,0.14333333333333334,-0.5222222222222223
132,2017-11-27 00:00:00,0.16666666666666666,0.16279069767441845
133,2017-11-28 00:00:00,0.17,0.02000000000000024
134,2017-11-29 00:00:00,0.12666666666666668,-0.2549019607843137
135,2017-11-30 00:00:00,0.1,-0.21052631578947367
136,2017-12-01 00:00:00,0.09,-0.10000000000000009
137,2017-12-02 00:00:00,0.12,0.33333333333333326
138,2017-12-03 00:00:00,0.11904761904761904,-0.007936507936507908
139,2017-12-04 00:00:00,0.10882352941176471,-0.08588235294117641
140,2017-12-05 00:00:00,0.125,0.14864864864864868
141,2017-12-06 00:00:00,0.1285714285714286,0.028571428571428692
142,2017-12-07 00:00:00,0.15,0.16666666666666652
143,2017-12-08 00:00:00,0.32,1.1333333333333333
144,2017-12-10 00:00:00,0.15,-0.53125
145,2017-12-11 00:00:00,0.134,-0.10666666666666658
146,2017-12-12 00:00:00,0.12555555555555553,-0.06301824212272
147,2017-12-13 00:00:00,0.3009090909090909,1.3966210780370076
148,2017-12-14 00:00:00,0.306,0.016918429003021096
149,2017-12-15 00:00:00,0.149,-0.5130718954248366
150,2017-12-16 00:00:00,0.15750000000000003,0.05704697986577201
151,2017-12-17 00:00:00,0.14500000000000002,-0.07936507936507942
152,2017-12-18 00:00:00,0.1875,0.2931034482758619
153,2017-12-19 00:00:00,0.14363636363636365,-0.2339393939393939
154,2017-12-20 00:00:00,0.1,-0.30379746835443033
155,2017-12-21 00:00:00,0.11857142857142858,0.18571428571428572
156,2017-12-22 00:00:00,0.154,0.29879518072289146
157,2017-12-23 00:00:00,0.1,-0.35064935064935066
158,2017-12-24 00:00:00,0.15,0.4999999999999998
159,2017-12-26 00:00:00,1.1666666666666667,6.777777777777779
160,2017-12-27 00:00:00,0.09333333333333334,-0.92
161,2017-12-28 00:00:00,0.14500000000000002,0.5535714285714286
162,2017-12-29 00:00:00,0.11499999999999999,-0.20689655172413812
163,2017-12-30 00:00:00,0.12,0.04347826086956519
164,2018-01-01 00:00:00,0.923,6.691666666666667
165,2018-01-02 00:00:00,0.10400000000000001,-0.8873239436619719
166,2018-01-03 00:00:00,0.1,-0.03846153846153855
167,2018-01-04 00:00:00,0.115,0.1499999999999999
168,2018-01-07 00:00:00,0.060000000000000005,-0.4782608695652174
169,2018-01-08 00:00:00,0.14,1.3333333333333335
170,2018-01-09 00:00:00,0.17,0.2142857142857142
171,2018-01-10 00:00:00,2.524,13.84705882352941
172,2018-01-11 00:00:00,0.25375000000000003,-0.8994651347068146
173,2018-01-12 00:00:00,0.1025,-0.5960591133004927
174,2018-01-13 00:00:00,0.135,0.3170731707317074
175,2018-01-14 00:00:00,0.3329166666666667,1.4660493827160495
176,2018-01-15 00:00:00,0.6925000000000001,1.080100125156446
177,2018-01-16 00:00:00,0.14363636363636365,-0.7925828683951428
178,2018-01-17 00:00:00,0.5733333333333334,2.9915611814345993
179,2018-01-18 00:00:00,0.145,-0.747093023255814
180,2018-01-19 00:00:00,0.14857142857142858,0.024630541871921263
181,2018-01-20 00:00:00,0.154,0.03653846153846141
182,2018-01-22 00:00:00,0.42500000000000004,1.7597402597402603
183,2018-01-23 00:00:00,0.28,-0.3411764705882353
184,2018-01-24 00:00:00,0.1,-0.6428571428571428
185,2018-01-25 00:00:00,0.5,4.0
186,2018-01-26 00:00:00,0.18833333333333332,-0.6233333333333333
187,2018-01-28 00:00:00,0.14500000000000002,-0.23008849557522115
188,2018-01-29 00:00:00,0.21571428571428572,0.48768472906403937
189,2018-02-01 00:00:00,0.08,-0.6291390728476821
190,2018-02-02 00:00:00,0.10000000000000002,0.2500000000000002
191,2018-02-03 00:00:00,0.09,-0.1000000000000002
192,2018-02-04 00:00:00,0.15000000000000002,0.666666666666667
193,2018-02-05 00:00:00,0.15,-2.220446049250313e-16
194,2018-02-07 00:00:00,0.30000000000000004,1.0000000000000004
195,2018-02-08 00:00:00,0.35000000000000003,0.16666666666666652
196,2018-02-09 00:00:00,0.09,-0.7428571428571429
197,2018-02-10 00:00:00,0.26,1.8888888888888893
198,2018-02-11 00:00:00,0.16999999999999998,-0.34615384615384626
199,2018-02-16 00:00:00,0.09999999999999999,-0.4117647058823529
200,2018-02-17 00:00:00,1.48,13.8
201,2018-02-18 00:00:00,0.09,-0.9391891891891891
202,2018-02-20 00:00:00,0.09,0.0
203,2018-02-21 00:00:00,0.1,0.11111111111111116
204,2018-02-22 00:00:00,0.09,-0.10000000000000009
205,2018-02-23 00:00:00,0.14750000000000002,0.6388888888888891
206,2018-02-24 00:00:00,0.12285714285714286,-0.16707021791767562
207,2018-02-26 00:00:00,0.15,0.22093023255813948
208,2018-02-28 00:00:00,0.11,-0.2666666666666666
209,2018-03-01 00:00:00,0.16666666666666666,0.5151515151515151
210,2018-03-02 00:00:00,0.15,-0.09999999999999998
211,2018-03-03 00:00:00,3.49,22.26666666666667
212,2018-03-04 00:00:00,0.185,-0.9469914040114613
213,2018-03-07 00:00:00,,0.0
214,2018-03-08 00:00:00,0.55,1.9729729729729732
215,2018-03-09 00:00:00,0.1,-0.8181818181818181
216,2018-03-12 00:00:00,0.2,1.0
217,2018-03-13 00:00:00,0.09,-0.55
218,2018-03-14 00:00:00,0.11,0.22222222222222232
219,2018-03-16 00:00:00,0.26,1.3636363636363638
220,2018-03-17 00:00:00,0.09,-0.6538461538461539
221,2018-03-18 00:00:00,0.1,0.11111111111111116
222,2018-03-19 00:00:00,0.25,1.5
223,2018-03-20 00:00:00,0.1366666666666667,-0.45333333333333325
224,2018-03-21 00:00:00,0.225,0.646341463414634
225,2018-03-22 00:00:00,0.115,-0.48888888888888893
226,2018-03-23 00:00:00,0.27,1.347826086956522
227,2018-03-24 00:00:00,0.11,-0.5925925925925926
228,2018-03-25 00:00:00,0.23,1.0909090909090908
229,2018-03-26 00:00:00,,0.0
230,2018-03-27 00:00:00,0.1,-0.5652173913043479
231,2018-03-28 00:00:00,0.30000000000000004,2.0000000000000004
232,2018-03-31 00:00:00,0.125,-0.5833333333333334
233,2018-04-01 00:00:00,0.175,0.3999999999999999
234,2018-04-02 00:00:00,0.115,-0.34285714285714275
235,2018-04-03 00:00:00,0.128,0.11304347826086958
236,2018-04-04 00:00:00,0.13538461538461538,0.05769230769230771
237,2018-04-05 00:00:00,0.1,-0.26136363636363635
238,2018-04-06 00:00:00,0.12,0.19999999999999996
239,2018-04-07 00:00:00,0.125,0.04166666666666674
240,2018-04-08 00:00:00,0.15,0.19999999999999996
241,2018-04-09 00:00:00,0.09,-0.4
242,2018-04-11 00:00:00,0.14,0.5555555555555558
243,2018-04-14 00:00:00,0.1,-0.2857142857142857
244,2018-04-16 00:00:00,0.15,0.4999999999999998
245,2018-04-17 00:00:00,0.10500000000000001,-0.29999999999999993
246,2018-04-18 00:00:00,0.068,-0.35238095238095235
247,2018-04-20 00:00:00,0.6166666666666667,8.068627450980392
248,2018-04-21 00:00:00,0.18333333333333335,-0.7027027027027026
249,2018-04-22 00:00:00,0.174,-0.050909090909091015
250,2018-04-24 00:00:00,0.10333333333333333,-0.4061302681992337
251,2018-04-25 00:00:00,0.09,-0.12903225806451613
252,2018-04-26 00:00:00,0.08,-0.11111111111111105
253,2018-04-28 00:00:00,0.18,1.25
254,2018-05-01 00:00:00,0.095,-0.4722222222222222
255,2018-05-02 00:00:00,0.91,8.578947368421053
256,2018-05-05 00:00:00,0.08,-0.9120879120879121
257,2018-05-06 00:00:00,0.062,-0.22499999999999998
258,2018-05-07 00:00:00,0.08199999999999999,0.32258064516129026
259,2018-05-08 00:00:00,,0.0
260,2018-05-09 00:00:00,,0.0
261,2018-05-17 00:00:00,0.1,0.21951219512195141
262,2018-05-19 00:00:00,0.08,-0.20000000000000007
263,2018-05-22 00:00:00,,0.0
264,2018-05-25 00:00:00,0.1,0.25
265,2018-05-26 00:00:00,0.10000000000000002,2.220446049250313e-16
266,2018-05-27 00:00:00,0.08499999999999999,-0.15000000000000024
267,2018-05-28 00:00:00,0.06727272727272728,-0.20855614973262027
268,2018-05-29 00:00:00,0.05555555555555555,-0.17417417417417425
269,2018-05-30 00:00:00,0.05500000000000001,-0.009999999999999787
270,2018-05-31 00:00:00,0.06727272727272728,0.22314049586776852
271,2018-06-01 00:00:00,0.05,-0.2567567567567568
272,2018-06-03 00:00:00,0.1,1.0
273,2018-06-06 00:00:00,0.085,-0.15000000000000002
274,2018-06-07 00:00:00,0.07333333333333335,-0.13725490196078416
275,2018-06-08 00:00:00,0.12627118644067797,0.7218798151001538
276,2018-06-10 00:00:00,,0.0
277,2018-06-11 00:00:00,0.13333333333333333,0.055928411633109576
278,2018-06-12 00:00:00,0.07142857142857142,-0.4642857142857143
279,2018-06-13 00:00:00,0.05,-0.29999999999999993
280,2018-06-14 00:00:00,0.07500000000000001,0.5000000000000002
281,2018-06-15 00:00:00,0.05,-0.33333333333333337
282,2018-06-17 00:00:00,0.1,1.0
283,2018-06-18 00:00:00,,0.0
284,2018-06-22 00:00:00,0.19,0.8999999999999999
285,2018-06-23 00:00:00,,0.0
286,2018-06-25 00:00:00,,0.0
287,2018-06-28 00:00:00,0.2,0.05263157894736836
288,2018-06-30 00:00:00,,0.0
289,2018-07-04 00:00:00,0.055,-0.7250000000000001
290,2018-07-10 00:00:00,0.05,-0.09090909090909083
291,2018-07-17 00:00:00,0.19,2.8
292,2018-07-18 00:00:00,0.1,-0.4736842105263158
293,2018-07-20 00:00:00,0.19,0.8999999999999999
294,2018-07-23 00:00:00,0.1,-0.4736842105263158
295,2018-07-25 00:00:00,0.22,1.1999999999999997
296,2018-07-26 00:00:00,0.19666666666666668,-0.10606060606060597
297,2018-07-27 00:00:00,0.1,-0.4915254237288136
298,2018-07-31 00:00:00,0.09999999999999999,-1.1102230246251565e-16
299,2018-08-02 00:00:00,0.1,2.220446049250313e-16
300,2018-08-03 00:00:00,0.1,0.0
301,2018-08-06 00:00:00,0.23750000000000002,1.375
302,2018-08-07 00:00:00,0.25000000000000006,0.052631578947368585
303,2018-08-10 00:00:00,0.18,-0.28000000000000014
304,2018-08-12 00:00:00,0.2,0.11111111111111116
305,2018-08-13 00:00:00,0.1,-0.5
306,2018-08-14 00:00:00,1.9,17.999999999999996
307,2018-08-15 00:00:00,0.236875,-0.875328947368421
308,2018-08-16 00:00:00,0.1,-0.5778364116094987
309,2018-08-17 00:00:00,0.1,0.0
310,2018-08-18 00:00:00,0.115,0.1499999999999999
311,2018-08-22 00:00:00,0.18666666666666665,0.6231884057971011
312,2018-08-26 00:00:00,0.16999999999999998,-0.0892857142857143
313,2018-08-27 00:00:00,0.10500000000000001,-0.38235294117647045
314,2018-08-28 00:00:00,0.12,0.1428571428571428
315,2018-09-01 00:00:00,0.156,0.30000000000000004
316,2018-09-02 00:00:00,0.3666666666666667,1.3504273504273505
317,2018-09-07 00:00:00,0.1,-0.7272727272727273
318,2018-09-11 00:00:00,0.11857142857142858,0.18571428571428572
319,2018-09-14 00:00:00,0.115,-0.030120481927710885
320,2018-09-16 00:00:00,0.15,0.3043478260869563
321,2018-09-17 00:00:00,3.29,20.933333333333334
322,2018-09-20 00:00:00,0.13,-0.9604863221884499
323,2018-09-21 00:00:00,0.41750000000000004,2.2115384615384617
324,2018-09-22 00:00:00,0.16,-0.6167664670658684
325,2018-09-26 00:00:00,0.12,-0.25
326,2018-09-27 00:00:00,0.56,3.666666666666667
327,2018-09-29 00:00:00,0.25,-0.5535714285714286
328,2018-09-30 00:00:00,,0.0
329,2018-10-01 00:00:00,0.30000000000000004,0.20000000000000018
330,2018-10-02 00:00:00,1.0654545454545454,2.551515151515151
331,2018-10-03 00:00:00,0.15,-0.8592150170648465
332,2018-10-04 00:00:00,0.48,2.2
333,2018-10-05 00:00:00,0.11,-0.7708333333333333
334,2018-10-06 00:00:00,0.385,2.5
335,2018-10-08 00:00:00,0.13333333333333333,-0.6536796536796536
336,2018-10-11 00:00:00,0.17545454545454545,0.3159090909090909
337,2018-10-12 00:00:00,0.1890909090909091,0.07772020725388606
338,2018-10-14 00:00:00,0.07,-0.6298076923076923
339,2018-10-18 00:00:00,0.1375,0.9642857142857142
340,2018-10-20 00:00:00,0.43333333333333335,2.1515151515151514
341,2018-10-23 00:00:00,0.20444444444444446,-0.5282051282051282
342,2018-10-24 00:00:00,0.5,1.4456521739130435
343,2018-10-25 00:00:00,0.17333333333333334,-0.6533333333333333
344,2018-10-26 00:00:00,0.26333333333333336,0.5192307692307694
345,2018-10-28 00:00:00,0.135,-0.4873417721518988
346,2018-10-29 00:00:00,0.17,0.2592592592592593
347,2018-10-31 00:00:00,0.13,-0.23529411764705888
348,2018-11-01 00:00:00,0.14500000000000002,0.11538461538461542
349,2018-11-03 00:00:00,0.14333333333333334,-0.011494252873563315
350,2018-11-06 00:00:00,0.39,1.7209302325581395
351,2018-11-07 00:00:00,0.14,-0.641025641025641
352,2018-11-08 00:00:00,0.13,-0.07142857142857151
353,2018-11-12 00:00:00,0.14,0.0769230769230771
354,2018-11-13 00:00:00,0.175,0.24999999999999978
355,2018-11-14 00:00:00,0.30000000000000004,0.7142857142857146
356,2018-11-17 00:00:00,0.14,-0.5333333333333334
357,2018-11-18 00:00:00,0.374,1.6714285714285713
358,2018-11-19 00:00:00,0.56,0.49732620320855636
359,2018-11-20 00:00:00,0.39799999999999996,-0.28928571428571437
360,2018-11-21 00:00:00,0.44,0.1055276381909549
361,2018-11-22 00:00:00,0.40666666666666673,-0.07575757575757558
362,2018-11-24 00:00:00,0.12,-0.7049180327868854
363,2018-11-25 00:00:00,0.32333333333333336,1.6944444444444446
364,2018-11-26 00:00:00,0.20400000000000001,-0.36907216494845363
365,2018-11-27 00:00:00,0.23714285714285716,0.16246498599439763
366,2018-11-28 00:00:00,0.23,-0.030120481927710885
367,2018-11-29 00:00:00,0.3175,0.38043478260869557
368,2018-11-30 00:00:00,12.7,39.0
369,2018-12-03 00:00:00,0.14,-0.988976377952756
370,2018-12-04 00:00:00,0.14,0.0
371,2018-12-05 00:00:00,0.18285714285714286,0.30612244897959173
372,2018-12-06 00:00:00,0.316,0.7281249999999999
373,2018-12-07 00:00:00,0.5144444444444445,0.6279887482419129
374,2018-12-08 00:00:00,0.23571428571428574,-0.5418080839247146
375,2018-12-10 00:00:00,,0.0
376,2018-12-11 00:00:00,,0.0
377,2018-12-13 00:00:00,0.39041666666666663,0.656313131313131
378,2018-12-15 00:00:00,0.25,-0.35965848452508
379,2018-12-16 00:00:00,0.2963636363636364,0.18545454545454554
380,2018-12-17 00:00:00,0.25,-0.15644171779141114
381,2018-12-18 00:00:00,0.42,0.6799999999999999
382,2018-12-19 00:00:00,0.25,-0.40476190476190477
383,2018-12-20 00:00:00,0.3271428571428571,0.3085714285714285
384,2018-12-21 00:00:00,0.5,0.5283842794759825
385,2018-12-22 00:00:00,0.28,-0.43999999999999995
386,2018-12-23 00:00:00,0.26,-0.07142857142857151
387,2018-12-24 00:00:00,0.5333333333333333,1.051282051282051
388,2018-12-25 00:00:00,1.395,1.615625
389,2018-12-27 00:00:00,0.595,-0.5734767025089607
390,2018-12-28 00:00:00,0.175,-0.7058823529411764
391,2018-12-29 00:00:00,0.5466666666666667,2.1238095238095243
392,2018-12-30 00:00:00,0.26,-0.524390243902439
393,2019-01-01 00:00:00,0.29500000000000004,0.1346153846153848
394,2019-01-03 00:00:00,0.4,0.35593220338983045
395,2019-01-04 00:00:00,0.3866666666666667,-0.033333333333333215
396,2019-01-07 00:00:00,0.5527272727272727,0.42946708463949834
397,2019-01-08 00:00:00,0.36250000000000004,-0.3441611842105262
398,2019-01-09 00:00:00,0.41000000000000003,0.13103448275862073
399,2019-01-10 00:00:00,1.9449999999999998,3.7439024390243896
400,2019-01-11 00:00:00,0.30000000000000004,-0.8457583547557841
401,2019-01-13 00:00:00,0.6900000000000001,1.2999999999999998
402,2019-01-16 00:00:00,0.4,-0.42028985507246375
403,2019-01-17 00:00:00,0.32,-0.20000000000000007
404,2019-01-18 00:00:00,0.32500000000000007,0.015625000000000222
405,2019-01-19 00:00:00,0.5471428571428572,0.6835164835164833
406,2019-01-20 00:00:00,0.37000000000000005,-0.32375979112271536
407,2019-01-21 00:00:00,0.385,0.04054054054054035
408,2019-01-22 00:00:00,0.7533333333333333,0.9567099567099566
409,2019-01-23 00:00:00,0.35000000000000003,-0.5353982300884955
410,2019-01-24 00:00:00,0.34714285714285714,-0.008163265306122547
411,2019-01-25 00:00:00,0.35000000000000003,0.008230452674897304
412,2019-01-26 00:00:00,0.44000000000000006,0.2571428571428571
413,2019-01-27 00:00:00,0.35000000000000003,-0.20454545454545459
414,2019-01-30 00:00:00,0.34,-0.02857142857142858
415,2019-01-31 00:00:00,0.29,-0.1470588235294119
416,2019-02-01 00:00:00,0.30000000000000004,0.034482758620689946
417,2019-02-02 00:00:00,,0.0
418,2019-02-03 00:00:00,0.32666666666666666,0.0888888888888888
419,2019-02-05 00:00:00,0.32,-0.020408163265306034
420,2019-02-08 00:00:00,0.4,0.25
421,2019-02-09 00:00:00,0.41000000000000003,0.02499999999999991
422,2019-02-10 00:00:00,0.38,-0.07317073170731714
423,2019-02-14 00:00:00,0.4,0.05263157894736836
424,2019-02-16 00:00:00,0.30500000000000005,-0.23749999999999993
425,2019-02-18 00:00:00,1.9,5.22950819672131
426,2019-02-19 00:00:00,0.32,-0.831578947368421
427,2019-02-20 00:00:00,0.51,0.59375
428,2019-02-21 00:00:00,0.855,0.6764705882352942
429,2019-02-22 00:00:00,0.54,-0.36842105263157887
430,2019-02-23 00:00:00,0.4709090909090909,-0.12794612794612803
431,2019-02-24 00:00:00,0.37333333333333335,-0.2072072072072071
432,2019-02-27 00:00:00,0.2,-0.4642857142857143
433,2019-02-28 00:00:00,0.35000000000000003,0.75
434,2019-03-02 00:00:00,0.43500000000000005,0.24285714285714288
435,2019-03-05 00:00:00,0.34,-0.21839080459770122
436,2019-03-06 00:00:00,0.7225,1.125
437,2019-03-11 00:00:00,0.79,0.09342560553633228
438,2019-03-13 00:00:00,0.365,-0.5379746835443038
439,2019-03-14 00:00:00,0.40750000000000003,0.11643835616438358
440,2019-03-15 00:00:00,0.7833333333333333,0.9222903885480571
441,2019-03-16 00:00:00,0.4583333333333334,-0.4148936170212765
442,2019-03-20 00:00:00,0.6316666666666667,0.37818181818181795
443,2019-03-21 00:00:00,0.45999999999999996,-0.2717678100263853
444,2019-03-22 00:00:00,0.39333333333333337,-0.14492753623188392
445,2019-03-24 00:00:00,0.4583333333333333,0.16525423728813537
446,2019-03-25 00:00:00,1.9125,3.172727272727273
447,2019-03-26 00:00:00,2.0,0.045751633986928164
448,2019-03-27 00:00:00,1.3,-0.35
449,2019-03-28 00:00:00,0.49454545454545457,-0.6195804195804195
450,2019-03-29 00:00:00,1.7975,2.6346507352941178
451,2019-03-30 00:00:00,0.742,-0.5872044506258693
452,2019-03-31 00:00:00,0.535,-0.2789757412398921
453,2019-04-01 00:00:00,0.35000000000000003,-0.3457943925233644
454,2019-04-02 00:00:00,,0.0
455,2019-04-03 00:00:00,,0.0
456,2019-04-04 00:00:00,0.7000000000000001,1.0
457,2019-04-05 00:00:00,0.30000000000000004,-0.5714285714285714
458,2019-04-06 00:00:00,3.738181818181818,11.460606060606057
459,2019-04-07 00:00:00,0.6359999999999999,-0.829863813229572
460,2019-04-08 00:00:00,0.625,-0.01729559748427656
461,2019-04-09 00:00:00,,0.0
462,2019-04-10 00:00:00,0.46,-0.264
463,2019-04-11 00:00:00,0.54,0.17391304347826098
464,2019-04-12 00:00:00,0.35000000000000003,-0.35185185185185186
465,2019-04-13 00:00:00,0.655,0.8714285714285712
466,2019-04-14 00:00:00,0.7966666666666667,0.2162849872773538
467,2019-04-15 00:00:00,0.29,-0.6359832635983265
468,2019-04-16 00:00:00,0.45,0.5517241379310347
469,2019-04-17 00:00:00,0.34,-0.24444444444444446
470,2019-04-18 00:00:00,0.47000000000000003,0.38235294117647056
471,2019-04-20 00:00:00,0.41875,-0.10904255319148937
472,2019-04-21 00:00:00,0.42000000000000004,0.0029850746268658135
473,2019-04-22 00:00:00,0.734,0.7476190476190474
474,2019-04-23 00:00:00,0.7000000000000001,-0.04632152588555849
475,2019-04-24 00:00:00,0.52,-0.25714285714285723
476,2019-04-25 00:00:00,0.5,-0.03846153846153855
477,2019-04-26 00:00:00,,0.0
478,2019-04-28 00:00:00,1.15,1.2999999999999998
479,2019-04-29 00:00:00,0.4,-0.6521739130434783
480,2019-05-03 00:00:00,0.485,0.2124999999999999
481,2019-05-04 00:00:00,0.65,0.34020618556701043
482,2019-05-05 00:00:00,,0.0
483,2019-05-06 00:00:00,0.44174418604651167,-0.32039355992844365
484,2019-05-07 00:00:00,0.58375,0.3214661753092918
485,2019-05-08 00:00:00,0.488,-0.16402569593147753
486,2019-05-09 00:00:00,0.5557142857142857,0.13875878220140514
487,2019-05-10 00:00:00,0.5,-0.10025706940874035
488,2019-05-11 00:00:00,0.4,-0.19999999999999996
489,2019-05-13 00:00:00,1.6375,3.09375
490,2019-05-14 00:00:00,0.45,-0.7251908396946565
491,2019-05-15 00:00:00,0.5,0.11111111111111116
492,2019-05-16 00:00:00,0.595,0.18999999999999995
493,2019-05-17 00:00:00,0.72,0.2100840336134453
494,2019-05-18 00:00:00,1.05625,0.46701388888888884
495,2019-05-19 00:00:00,2.2583333333333333,1.1380670611439845
496,2019-05-21 00:00:00,0.75,-0.6678966789667897
497,2019-05-22 00:00:00,0.68125,-0.09166666666666667
498,2019-05-23 00:00:00,0.8316666666666667,0.22079510703363914
499,2019-05-24 00:00:00,0.6950000000000001,-0.1643286573146292
500,2019-05-26 00:00:00,0.47,-0.3237410071942447
501,2019-05-27 00:00:00,0.45,-0.04255319148936165
502,2019-05-30 00:00:00,0.47800000000000004,0.06222222222222218
503,2019-05-31 00:00:00,0.79,0.6527196652719665
504,2019-06-01 00:00:00,,0.0
505,2019-06-03 00:00:00,0.55,-0.30379746835443033
506,2019-06-04 00:00:00,0.4475,-0.1863636363636364
507,2019-06-05 00:00:00,0.7000000000000001,0.564245810055866
508,2019-06-06 00:00:00,0.45,-0.3571428571428572
509,2019-06-07 00:00:00,,0.0
510,2019-06-08 00:00:00,,0.0
511,2019-06-09 00:00:00,,0.0
512,2019-06-10 00:00:00,0.5,0.11111111111111116
513,2019-06-11 00:00:00,0.538,0.07600000000000007
514,2019-06-12 00:00:00,0.7,0.3011152416356875
515,2019-06-13 00:00:00,,0.0
516,2019-06-14 00:00:00,1.28125,0.830357142857143
517,2019-06-16 00:00:00,0.8033333333333333,-0.37300813008130085
518,2019-06-17 00:00:00,0.75,-0.06639004149377592
519,2019-06-18 00:00:00,0.65,-0.1333333333333333
520,2019-06-19 00:00:00,0.5700000000000001,-0.12307692307692297
521,2019-06-20 00:00:00,0.4571428571428572,-0.19799498746867172
522,2019-06-21 00:00:00,0.41821428571428576,-0.08515624999999993
523,2019-06-22 00:00:00,1.0975000000000001,1.6242527754056364
524,2019-06-23 00:00:00,0.66,-0.3986332574031891
525,2019-06-24 00:00:00,,0.0
526,2019-06-27 00:00:00,0.35000000000000003,-0.4696969696969697
527,2019-06-28 00:00:00,1.24,2.5428571428571427
528,2019-07-01 00:00:00,0.39,-0.685483870967742
529,2019-07-03 00:00:00,,0.0
530,2019-07-05 00:00:00,0.38333333333333336,-0.017094017094017033
531,2019-07-06 00:00:00,0.42500000000000004,0.10869565217391308
532,2019-07-07 00:00:00,0.5,0.17647058823529393
533,2019-07-08 00:00:00,0.4000000000000001,-0.19999999999999984
534,2019-07-09 00:00:00,,0.0
535,2019-07-10 00:00:00,0.6000000000000001,0.5
536,2019-07-11 00:00:00,0.47,-0.21666666666666679
537,2019-07-12 00:00:00,0.49,0.042553191489361764
538,2019-07-13 00:00:00,0.42500000000000004,-0.13265306122448972
539,2019-07-16 00:00:00,0.30000000000000004,-0.2941176470588235
540,2019-07-17 00:00:00,0.30000000000000004,0.0
541,2019-07-18 00:00:00,0.30000000000000004,0.0
542,2019-07-19 00:00:00,0.30000000000000004,0.0
543,2019-07-20 00:00:00,0.30000000000000004,0.0
544,2019-07-21 00:00:00,0.30000000000000004,0.0
545,2019-07-22 00:00:00,0.25,-0.16666666666666674
546,2019-07-24 00:00:00,,0.0
547,2019-07-26 00:00:00,0.35000000000000003,0.40000000000000013
548,2019-07-27 00:00:00,,0.0
549,2019-07-28 00:00:00,0.3166666666666667,-0.09523809523809523
550,2019-07-29 00:00:00,0.2785714285714286,-0.12030075187969935
551,2019-07-31 00:00:00,0.7250000000000001,1.6025641025641026
552,2019-08-01 00:00:00,0.30000000000000004,-0.5862068965517242
553,2019-08-02 00:00:00,0.52,0.7333333333333332
554,2019-08-03 00:00:00,0.55,0.05769230769230771
555,2019-08-06 00:00:00,0.75,0.36363636363636354
556,2019-08-07 00:00:00,0.5,-0.33333333333333337
557,2019-08-09 00:00:00,0.34750000000000003,-0.30499999999999994
558,2019-08-10 00:00:00,0.998,1.8719424460431653
559,2019-08-11 00:00:00,0.6749999999999999,-0.3236472945891784
560,2019-08-12 00:00:00,0.27,-0.5999999999999999
561,2019-08-13 00:00:00,0.255,-0.05555555555555558
562,2019-08-14 00:00:00,0.30000000000000004,0.17647058823529438
563,2019-08-16 00:00:00,,0.0
564,2019-08-17 00:00:00,,0.0
565,2019-08-21 00:00:00,0.7000000000000001,1.333333333333333
566,2019-08-22 00:00:00,0.41,-0.41428571428571437
567,2019-08-24 00:00:00,,0.0
568,2019-08-27 00:00:00,0.4166666666666667,0.016260162601626105
569,2019-08-31 00:00:00,0.5,0.19999999999999996
570,2019-09-01 00:00:00,0.25,-0.5
571,2019-09-02 00:00:00,0.2578125,0.03125
572,2019-09-03 00:00:00,0.25,-0.030303030303030276
573,2019-09-04 00:00:00,0.5,1.0
574,2019-09-05 00:00:00,0.42500000000000004,-0.1499999999999999
575,2019-09-08 00:00:00,0.25,-0.41176470588235303
576,2019-09-09 00:00:00,,0.0
577,2019-09-10 00:00:00,,0.0
578,2019-09-11 00:00:00,,0.0
579,2019-09-12 00:00:00,5.27,20.08
580,2019-09-13 00:00:00,0.4175,-0.9207779886148008
581,2019-09-14 00:00:00,0.64,0.532934131736527
582,2019-09-15 00:00:00,0.2689655172413793,-0.5797413793103449
583,2019-09-16 00:00:00,0.65,1.416666666666667
584,2019-09-17 00:00:00,0.51,-0.2153846153846154
585,2019-09-18 00:00:00,,0.0
586,2019-09-24 00:00:00,9.303333333333333,17.241830065359476
587,2019-09-25 00:00:00,0.485,-0.9478681476173414
588,2019-09-27 00:00:00,0.45,-0.07216494845360821
589,2019-09-28 00:00:00,0.275,-0.38888888888888884
590,2019-09-29 00:00:00,0.30000000000000004,0.09090909090909105
591,2019-10-01 00:00:00,,0.0
592,2019-10-02 00:00:00,,0.0
593,2019-10-03 00:00:00,,0.0
594,2019-10-04 00:00:00,0.35,0.16666666666666652
595,2019-10-08 00:00:00,0.30000000000000004,-0.14285714285714268
596,2019-10-09 00:00:00,,0.0
597,2019-10-12 00:00:00,0.558,0.8599999999999999
598,2019-10-13 00:00:00,0.3725,-0.3324372759856632
599,2019-10-14 00:00:00,0.25,-0.32885906040268453
600,2019-10-15 00:00:00,0.64,1.56
601,2019-10-17 00:00:00,,0.0
602,2019-10-18 00:00:00,0.30000000000000004,-0.53125
603,2019-10-23 00:00:00,0.25,-0.16666666666666674
604,2019-10-24 00:00:00,0.35,0.3999999999999999
605,2019-10-25 00:00:00,0.54,0.5428571428571431
606,2019-10-26 00:00:00,0.275,-0.4907407407407407
607,2019-10-30 00:00:00,0.25,-0.09090909090909094
608,2019-10-31 00:00:00,0.30000000000000004,0.20000000000000018
609,2019-11-01 00:00:00,0.7333333333333334,1.4444444444444442
610,2019-11-02 00:00:00,0.3,-0.5909090909090909
611,2019-11-03 00:00:00,0.275,-0.08333333333333326
612,2019-11-04 00:00:00,0.7333333333333334,1.6666666666666665
613,2019-11-05 00:00:00,,0.0
614,2019-11-07 00:00:00,0.30000000000000004,-0.5909090909090908
615,2019-11-08 00:00:00,0.4,0.33333333333333326
616,2019-11-09 00:00:00,0.375,-0.0625
617,2019-11-10 00:00:00,0.35000000000000003,-0.06666666666666654
618,2019-11-11 00:00:00,,0.0
619,2019-11-13 00:00:00,0.8960000000000001,1.56
620,2019-11-17 00:00:00,0.44,-0.5089285714285715
621,2019-11-20 00:00:00,0.65,0.4772727272727273
622,2019-11-21 00:00:00,0.29000000000000004,-0.5538461538461539
623,2019-11-22 00:00:00,0.25,-0.13793103448275867
624,2019-11-23 00:00:00,0.2624390243902439,0.049756097560975654
625,2019-11-24 00:00:00,,0.0
626,2019-11-25 00:00:00,0.36333333333333334,0.38444857496902096
627,2019-11-27 00:00:00,0.45,0.23853211009174302
628,2019-11-29 00:00:00,0.5,0.11111111111111116
629,2019-12-02 00:00:00,0.55,0.10000000000000009
630,2019-12-04 00:00:00,0.38,-0.3090909090909092
631,2019-12-05 00:00:00,0.41500000000000004,0.09210526315789491
632,2019-12-08 00:00:00,0.38181818181818183,-0.07995618838992335
633,2019-12-09 00:00:00,0.488,0.27809523809523795
634,2019-12-10 00:00:00,0.42400000000000004,-0.13114754098360648
635,2019-12-11 00:00:00,0.55,0.2971698113207546
636,2019-12-15 00:00:00,,0.0
637,2019-12-16 00:00:00,0.37,-0.3272727272727274
638,2019-12-17 00:00:00,0.4316666666666667,0.16666666666666674
639,2019-12-18 00:00:00,0.45,0.042471042471042386
640,2019-12-20 00:00:00,0.42500000000000004,-0.05555555555555547
641,2019-12-21 00:00:00,0.54,0.2705882352941176
642,2019-12-22 00:00:00,0.45999999999999996,-0.14814814814814825
643,2019-12-23 00:00:00,0.475,0.032608695652173836
644,2019-12-24 00:00:00,0.9550000000000001,1.0105263157894737
645,2019-12-25 00:00:00,,0.0
646,2019-12-26 00:00:00,0.55,-0.4240837696335078
647,2019-12-27 00:00:00,2.745,3.9909090909090903
648,2019-12-28 00:00:00,7.513333333333333,1.737097753491196
649,2019-12-29 00:00:00,1.115,-0.8515971606033718
650,2019-12-30 00:00:00,0.5631578947368422,-0.4949256549445361
651,2019-12-31 00:00:00,0.53,-0.058878504672897236
652,2020-01-01 00:00:00,0.8822727272727273,0.6646655231560892
653,2020-01-02 00:00:00,1.8783333333333332,1.1289713206251069
654,2020-01-03 00:00:00,1.1136842105263158,-0.40708915145005364
655,2020-01-04 00:00:00,0.9575,-0.14024102079395084
656,2020-01-05 00:00:00,0.9276923076923077,-0.031130749146414893
657,2020-01-06 00:00:00,1.459,0.5727197346600332
658,2020-01-07 00:00:00,0.6814545454545455,-0.5329304006480154
659,2020-01-08 00:00:00,1.0561538461538462,0.5498522288810441
660,2020-01-09 00:00:00,5.0280000000000005,3.760670065549891
661,2020-01-10 00:00:00,1.3271428571428572,-0.7360495510853506
662,2020-01-11 00:00:00,0.7700000000000001,-0.41980624327233573
663,2020-01-12 00:00:00,1.092,0.418181818181818
664,2020-01-13 00:00:00,1.855,0.6987179487179487
665,2020-01-14 00:00:00,1.0166666666666668,-0.45193171608265936
666,2020-01-15 00:00:00,1.4214285714285713,0.39812646370023375
667,2020-01-16 00:00:00,1.2112820512820512,-0.14784177296740109
668,2020-01-17 00:00:00,4.135833333333333,2.4144263336155802
669,2020-01-18 00:00:00,1.0205882352941178,-0.753232745848692
670,2020-01-19 00:00:00,0.9250000000000002,-0.09365994236311237
671,2020-01-20 00:00:00,1.0833333333333333,0.17117117117117098
672,2020-01-21 00:00:00,1.31,0.20923076923076933
673,2020-01-22 00:00:00,0.7000000000000001,-0.46564885496183206
674,2020-01-23 00:00:00,0.7433333333333333,0.061904761904761685
675,2020-01-25 00:00:00,2.4,2.2286995515695067
676,2020-01-26 00:00:00,1.4620000000000002,-0.39083333333333325
677,2020-01-27 00:00:00,,0.0
678,2020-01-28 00:00:00,,0.0
679,2020-01-29 00:00:00,0.895,-0.3878248974008208
680,2020-01-30 00:00:00,0.7433333333333333,-0.16945996275605224
681,2020-02-01 00:00:00,0.62,-0.1659192825112107
682,2020-02-02 00:00:00,0.6125,-0.012096774193548265
683,2020-02-03 00:00:00,1.2375,1.020408163265306
684,2020-02-04 00:00:00,0.75,-0.3939393939393939
685,2020-02-05 00:00:00,,0.0
686,2020-02-06 00:00:00,1.06,0.41333333333333333
687,2020-02-07 00:00:00,1.2425,0.1721698113207546
688,2020-02-08 00:00:00,0.7666666666666667,-0.3829644533869885
689,2020-02-09 00:00:00,1.2985714285714285,0.6937888198757762
690,2020-02-10 00:00:00,2.9,1.233223322332233
691,2020-02-11 00:00:00,1.1833333333333333,-0.5919540229885057
692,2020-02-12 00:00:00,1.05,-0.11267605633802813
693,2020-02-13 00:00:00,0.9,-0.1428571428571429
694,2020-02-15 00:00:00,,0.0
695,2020-02-16 00:00:00,0.8293333333333334,-0.07851851851851854
696,2020-02-17 00:00:00,,0.0
697,2020-02-18 00:00:00,0.59,-0.2885852090032155
698,2020-02-19 00:00:00,0.58,-0.016949152542372947
699,2020-02-20 00:00:00,0.8166666666666668,0.4080459770114946
700,2020-02-23 00:00:00,0.6599999999999999,-0.19183673469387774
701,2020-02-25 00:00:00,0.9,0.36363636363636376
702,2020-02-26 00:00:00,0.5650000000000001,-0.3722222222222221
703,2020-02-28 00:00:00,0.78,0.38053097345132736
704,2020-02-29 00:00:00,0.6000000000000001,-0.23076923076923073
705,2020-03-01 00:00:00,,0.0
706,2020-03-03 00:00:00,,0.0
707,2020-03-04 00:00:00,1.2,0.9999999999999996
708,2020-03-06 00:00:00,0.875,-0.27083333333333326
709,2020-03-07 00:00:00,0.67,-0.2342857142857142
710,2020-03-08 00:00:00,0.675,0.00746268656716409
711,2020-03-09 00:00:00,0.55,-0.18518518518518512
712,2020-03-10 00:00:00,0.59,0.07272727272727253
713,2020-03-12 00:00:00,0.65,0.10169491525423746
714,2020-03-13 00:00:00,0.5222222222222223,-0.19658119658119655
715,2020-03-14 00:00:00,1.4333333333333333,1.7446808510638299
716,2020-03-15 00:00:00,0.72,-0.4976744186046512
717,2020-03-16 00:00:00,0.6000000000000001,-0.16666666666666652
718,2020-03-21 00:00:00,0.79,0.31666666666666643
719,2020-03-22 00:00:00,3.796666666666667,3.8059071729957807
720,2020-03-23 00:00:00,0.72,-0.810359964881475
721,2020-03-24 00:00:00,0.2,-0.7222222222222222
722,2020-03-25 00:00:00,1.3499999999999999,5.749999999999999
723,2020-03-26 00:00:00,0.5,-0.6296296296296295
724,2020-03-28 00:00:00,,0.0
725,2020-03-29 00:00:00,0.75,0.5
726,2020-03-30 00:00:00,0.55,-0.2666666666666666
727,2020-04-01 00:00:00,0.6000000000000001,0.09090909090909105
728,2020-04-03 00:00:00,0.99,0.6499999999999997
729,2020-04-06 00:00:00,0.53,-0.46464646464646464
730,2020-04-07 00:00:00,0.7000000000000001,0.3207547169811322
731,2020-04-08 00:00:00,2.42,2.457142857142857
732,2020-04-09 00:00:00,,0.0
733,2020-04-10 00:00:00,0.71,-0.7066115702479339
734,2020-04-13 00:00:00,0.6625,-0.06690140845070425
735,2020-04-17 00:00:00,0.9411111111111112,0.42054507337526226
736,2020-04-18 00:00:00,1.0575,0.12367178276269186
737,2020-04-19 00:00:00,0.7566666666666667,-0.28447596532702923
738,2020-04-21 00:00:00,0.66,-0.1277533039647577
739,2020-04-22 00:00:00,1.15,0.7424242424242422
740,2020-04-23 00:00:00,1.4375,0.25
741,2020-04-24 00:00:00,1.5466666666666669,0.07594202898550728
742,2020-04-25 00:00:00,2.1236363636363635,0.373040752351097
743,2020-04-26 00:00:00,6.041333333333333,1.8448059360730595
744,2020-04-27 00:00:00,1.1846153846153846,-0.8039149109552994
745,2020-04-28 00:00:00,0.8155555555555556,-0.31154401154401157
746,2020-04-29 00:00:00,2.3042857142857147,1.8254184507590505
747,2020-04-30 00:00:00,0.66,-0.7135771853688779
748,2020-05-01 00:00:00,1.3,0.9696969696969697
749,2020-05-02 00:00:00,1.1700000000000002,-0.09999999999999987
750,2020-05-03 00:00:00,1.415,0.20940170940170932
751,2020-05-04 00:00:00,1.09,-0.22968197879858654
752,2020-05-05 00:00:00,4.922,3.515596330275229
753,2020-05-07 00:00:00,1.316,-0.7326290125965055
754,2020-05-08 00:00:00,1.7175,0.3050911854103342
755,2020-05-09 00:00:00,1.6073333333333333,-0.06414361960213488
756,2020-05-10 00:00:00,2.5964705882352943,0.6153902456876572
757,2020-05-11 00:00:00,0.945,-0.6360444041685547
758,2020-05-12 00:00:00,1.2,0.26984126984126977
759,2020-05-13 00:00:00,1.025,-0.14583333333333337
760,2020-05-14 00:00:00,1.6069565217391304,0.567762460233298
761,2020-05-15 00:00:00,1.0673333333333332,-0.3358044733044734
762,2020-05-16 00:00:00,5.99,4.61211742660837
763,2020-05-17 00:00:00,1.0341935483870968,-0.827346653023857
764,2020-05-18 00:00:00,1.818888888888889,0.7587509530740972
765,2020-05-19 00:00:00,1.347777777777778,-0.2590103848503359
766,2020-05-20 00:00:00,4.535185185185186,2.364935421819181
767,2020-05-21 00:00:00,6.41125,0.41366884442629637
768,2020-05-22 00:00:00,1.428695652173913,-0.7771580187679605
769,2020-05-23 00:00:00,4.6450000000000005,2.2512172854534396
770,2020-05-24 00:00:00,4.282564102564102,-0.07802710386133449
771,2020-05-25 00:00:00,1.4256521739130434,-0.6671031326631021
772,2020-05-26 00:00:00,1.7825757575757577,0.2503581099189518
773,2020-05-27 00:00:00,2.5803125000000002,0.447519124521887
774,2020-05-28 00:00:00,7.513529411764706,1.9118680050438486
775,2020-05-29 00:00:00,2.0149999999999997,-0.7318171142253191
776,2020-05-30 00:00:00,2.75,0.36476426799007466
777,2020-05-31 00:00:00,1.3,-0.5272727272727273
778,2020-06-01 00:00:00,7.38,4.676923076923076
779,2020-06-02 00:00:00,2.4949999999999997,-0.6619241192411924
780,2020-06-03 00:00:00,1.42,-0.4308617234468938
781,2020-06-06 00:00:00,1.4166666666666667,-0.0023474178403755097
782,2020-06-07 00:00:00,1.245,-0.12117647058823522
783,2020-06-09 00:00:00,1.0899999999999999,-0.1244979919678717
784,2020-06-10 00:00:00,1.0,-0.08256880733944938
785,2020-06-11 00:00:00,1.0525,0.05249999999999999
786,2020-06-12 00:00:00,1.54,0.46318289786223277
787,2020-06-13 00:00:00,2.5483333333333333,0.6547619047619047
788,2020-06-15 00:00:00,1.7000000000000002,-0.3328973185088292
789,2020-06-16 00:00:00,1.15,-0.32352941176470595
790,2020-06-17 00:00:00,1.195,0.039130434782608914
791,2020-06-18 00:00:00,7.0,4.857740585774058
792,2020-06-19 00:00:00,1.0225,-0.8539285714285714
793,2020-06-20 00:00:00,1.5866666666666667,0.5517522412387939
794,2020-06-21 00:00:00,2.17,0.36764705882352944
795,2020-06-22 00:00:00,1.736,-0.19999999999999996
796,2020-06-23 00:00:00,1.114,-0.35829493087557596
797,2020-06-25 00:00:00,1.7266666666666666,0.5499700777977257
798,2020-06-26 00:00:00,0.8925000000000001,-0.483108108108108
799,2020-06-27 00:00:00,1.8825,1.1092436974789917
800,2020-06-28 00:00:00,3.301428571428571,0.7537469170935305
801,2020-06-29 00:00:00,1.4933333333333334,-0.5476705610846675
802,2020-06-30 00:00:00,0.8775000000000001,-0.4123883928571428
803,2020-07-01 00:00:00,0.9899999999999999,0.12820512820512797
804,2020-07-02 00:00:00,1.284,0.2969696969696971
805,2020-07-03 00:00:00,1.5879999999999999,0.2367601246105917
806,2020-07-04 00:00:00,1.08,-0.3198992443324936
807,2020-07-05 00:00:00,3.1166666666666667,1.8858024691358022
808,2020-07-06 00:00:00,1.375,-0.5588235294117647
809,2020-07-07 00:00:00,0.9850000000000001,-0.2836363636363636
810,2020-07-09 00:00:00,1.2675,0.2868020304568528
811,2020-07-10 00:00:00,1.855,0.46351084812623267
812,2020-07-11 00:00:00,2.185,0.1778975741239892
813,2020-07-12 00:00:00,1.105,-0.49427917620137307
814,2020-07-13 00:00:00,1.5,0.35746606334841635
815,2020-07-14 00:00:00,1.625,0.08333333333333326
816,2020-07-15 00:00:00,2.3233333333333333,0.4297435897435897
817,2020-07-16 00:00:00,2.0,-0.13916786226685796
818,2020-07-17 00:00:00,0.9950000000000001,-0.5025
819,2020-07-19 00:00:00,2.0,1.0100502512562812
820,2020-07-20 00:00:00,2.25,0.125
821,2020-07-22 00:00:00,2.1825,-0.029999999999999916
822,2020-07-23 00:00:00,1.945,-0.10882016036655218
823,2020-07-24 00:00:00,,0.0
824,2020-07-25 00:00:00,1.25,-0.35732647814910024
825,2020-07-26 00:00:00,,0.0
826,2020-07-28 00:00:00,1.7,0.3599999999999999
827,2020-07-29 00:00:00,0.895,-0.47352941176470587
828,2020-07-30 00:00:00,1.0357142857142858,0.15722266560255393
829,2020-07-31 00:00:00,1.07,0.03310344827586209
830,2020-08-01 00:00:00,2.1666666666666665,1.0249221183800619
831,2020-08-02 00:00:00,1.33,-0.38615384615384607
832,2020-08-03 00:00:00,0.9850000000000001,-0.2593984962406015
833,2020-08-04 00:00:00,1.00375,0.019035532994923665
834,2020-08-05 00:00:00,0.9725,-0.031133250311332406
835,2020-08-06 00:00:00,0.895,-0.07969151670951158
836,2020-08-07 00:00:00,1.0725,0.1983240223463687
837,2020-08-09 00:00:00,0.925,-0.13752913752913754
838,2020-08-12 00:00:00,1.02,0.10270270270270276
839,2020-08-13 00:00:00,,0.0
840,2020-08-14 00:00:00,1.05,0.02941176470588247
841,2020-08-15 00:00:00,1.6,0.5238095238095237
842,2020-08-16 00:00:00,1.035,-0.35312500000000013
843,2020-08-17 00:00:00,1.05,0.01449275362318847
844,2020-08-18 00:00:00,0.85,-0.19047619047619058
845,2020-08-20 00:00:00,0.46,-0.45882352941176463
846,2020-08-21 00:00:00,0.79,0.7173913043478262
847,2020-08-22 00:00:00,0.95,0.20253164556962022
848,2020-08-23 00:00:00,0.8880000000000001,-0.06526315789473669
849,2020-08-24 00:00:00,1.7,0.9144144144144142
850,2020-08-25 00:00:00,3.1542857142857144,0.8554621848739496
851,2020-08-26 00:00:00,1.5535294117647058,-0.5074861466325661
852,2020-08-27 00:00:00,1.245,-0.1985990155244225
853,2020-08-28 00:00:00,1.095,-0.12048192771084343
854,2020-08-29 00:00:00,0.9733333333333333,-0.11111111111111116
855,2020-08-30 00:00:00,1.2,0.23287671232876717
856,2020-08-31 00:00:00,0.9200000000000002,-0.23333333333333317
857,2020-09-01 00:00:00,0.76,-0.17391304347826098
858,2020-09-02 00:00:00,0.85,0.11842105263157898
859,2020-09-03 00:00:00,1.27,0.49411764705882355
860,2020-09-04 00:00:00,1.0,-0.21259842519685046
861,2020-09-06 00:00:00,9.298421052631578,8.298421052631578
862,2020-09-07 00:00:00,3.5599999999999996,-0.6171392992585045
863,2020-09-08 00:00:00,1.4183333333333332,-0.6015917602996255
864,2020-09-09 00:00:00,2.005714285714286,0.414134631525936
865,2020-09-10 00:00:00,1.2164705882352942,-0.3934975699681582
866,2020-09-11 00:00:00,1.5108256880733946,0.2419746952247439
867,2020-09-12 00:00:00,4.554666666666666,2.0146870698728843
868,2020-09-13 00:00:00,2.860483870967742,-0.37196636322429544
869,2020-09-14 00:00:00,2.228697916666667,-0.2208668123296681
870,2020-09-15 00:00:00,4.2637755102040815,0.9131240166371049
871,2020-09-16 00:00:00,2.326,-0.45447409357424906
872,2020-09-17 00:00:00,19.07875,7.202386070507309
873,2020-09-18 00:00:00,4.264814814814815,-0.7764625662155636
874,2020-09-19 00:00:00,4.055454545454546,-0.04909011960683696
875,2020-09-20 00:00:00,2.691134020618557,-0.3364161796277937
876,2020-09-21 00:00:00,3.753846153846154,0.3948937975907021
877,2020-09-22 00:00:00,2.852763157894737,-0.2400426013805005
878,2020-09-23 00:00:00,2.27,-0.20428024537613576
879,2020-09-24 00:00:00,3.2536697247706425,0.43333468051570145
880,2020-09-25 00:00:00,4.000738255033557,0.22960797913057296
881,2020-09-26 00:00:00,3.6550442477876106,-0.08640755410854717
882,2020-09-27 00:00:00,4.249761904761905,0.16271147943948305
883,2020-09-28 00:00:00,5.783621794871795,0.3609284295177062
884,2020-09-29 00:00:00,6.376206896551724,0.10245917224486578
885,2020-09-30 00:00:00,7.2749999999999995,0.14096046725433986
886,2020-10-01 00:00:00,12.121333333333332,0.6661626575028636
887,2020-10-02 00:00:00,5.105526315789473,-0.5787982909644588
888,2020-10-03 00:00:00,9.122641509433961,0.7868170576696591
889,2020-10-04 00:00:00,4.392264150943396,-0.5185315408479834
890,2020-10-05 00:00:00,6.4254999999999995,0.4629129258129643
891,2020-10-06 00:00:00,5.0325,-0.2167924675122559
892,2020-10-07 00:00:00,8.6765625,0.7241058122205664
893,2020-10-08 00:00:00,5.5408333333333335,-0.361402245032715
894,2020-10-09 00:00:00,6.211304347826087,0.12100544704336058
895,2020-10-10 00:00:00,6.031666666666666,-0.028921088244901916
896,2020-10-11 00:00:00,5.785500000000001,-0.04081237911025126
897,2020-10-12 00:00:00,6.415652173913044,0.10891922459822712
898,2020-10-13 00:00:00,5.985454545454545,-0.06705438773749972
899,2020-10-14 00:00:00,6.4175,0.07218256379100851
900,2020-10-15 00:00:00,6.6889473684210525,0.04229799274188584
901,2020-10-16 00:00:00,7.642857142857143,0.14260984903836427
902,2020-10-17 00:00:00,6.732727272727273,-0.11908241291418853
903,2020-10-18 00:00:00,6.655,-0.011544693491763458
904,2020-10-19 00:00:00,5.05,-0.24117205108940654
905,2020-10-20 00:00:00,7.026666666666666,0.39141914191419147
906,2020-10-21 00:00:00,4.8500000000000005,-0.3097722960151802
907,2020-10-22 00:00:00,10.05,1.072164948453608
908,2020-10-23 00:00:00,4.475,-0.5547263681592041
909,2020-10-24 00:00:00,4.883333333333334,0.09124767225325892
910,2020-10-25 00:00:00,5.44625,0.11527303754266205
911,2020-10-26 00:00:00,7.666666666666667,0.40769642720526367
912,2020-10-27 00:00:00,,0.0
913,2020-10-28 00:00:00,50.0,5.521739130434782
914,2020-10-29 00:00:00,3.36,-0.9328
915,2020-10-30 00:00:00,5.0,0.48809523809523814
916,2020-10-31 00:00:00,5.06,0.01200000000000001
917,2020-11-01 00:00:00,18.0,2.557312252964427
918,2020-11-02 00:00:00,,0.0
919,2020-11-03 00:00:00,16.75,-0.06944444444444442
920,2020-11-04 00:00:00,4.49,-0.7319402985074627
921,2020-11-05 00:00:00,3.5,-0.22048997772828516
922,2020-11-06 00:00:00,3.45,-0.014285714285714235
923,2020-11-07 00:00:00,5.214285714285714,0.5113871635610765
924,2020-11-08 00:00:00,,0.0
925,2020-11-09 00:00:00,6.0,0.15068493150684925
926,2020-11-10 00:00:00,4.25,-0.29166666666666663
927,2020-11-11 00:00:00,,0.0
928,2020-11-12 00:00:00,3.75,-0.11764705882352944
929,2020-11-13 00:00:00,77.53,19.674666666666667
930,2020-11-14 00:00:00,3.9400000000000004,-0.9491809622081775
931,2020-11-15 00:00:00,4.291666666666667,0.08925549915397624
932,2020-11-16 00:00:00,22.75,4.300970873786407
933,2020-11-17 00:00:00,6.8625,-0.6983516483516483
934,2020-11-18 00:00:00,6.698,-0.023970856102003557
935,2020-11-19 00:00:00,13.491428571428571,1.0142473232948
936,2020-11-20 00:00:00,7.448333333333333,-0.4479210786389948
937,2020-11-21 00:00:00,3.5,-0.5300962183933766
938,2020-11-22 00:00:00,3.25,-0.0714285714285714
939,2020-11-23 00:00:00,5.74,0.7661538461538462
940,2020-11-24 00:00:00,3.6938461538461542,-0.3564727954971857
941,2020-11-25 00:00:00,3.1266666666666665,-0.15354713313897006
942,2020-11-26 00:00:00,3.9675000000000002,0.26892324093816655
943,2020-11-27 00:00:00,3.5,-0.1178323881537493
944,2020-11-28 00:00:00,4.375,0.25
945,2020-11-29 00:00:00,3.24,-0.25942857142857134
946,2020-11-30 00:00:00,17.5875,4.42824074074074
947,2020-12-02 00:00:00,,0.0
948,2020-12-03 00:00:00,4.59,-0.7390191897654583
949,2020-12-04 00:00:00,,0.0
950,2020-12-05 00:00:00,12.716666666666667,1.7705156136528686
951,2020-12-06 00:00:00,11.125,-0.12516382699868944
952,2020-12-07 00:00:00,20.295,0.8242696629213484
953,2020-12-08 00:00:00,,0.0
954,2020-12-09 00:00:00,,0.0
955,2020-12-10 00:00:00,,0.0
956,2020-12-11 00:00:00,2.5833333333333335,-0.8727108483206044
957,2020-12-12 00:00:00,2.6,0.006451612903225712
958,2020-12-13 00:00:00,3.5,0.34615384615384603
959,2020-12-14 00:00:00,4.337,0.2391428571428571
960,2020-12-15 00:00:00,2.5,-0.4235646760433479
961,2020-12-16 00:00:00,,0.0
962,2020-12-17 00:00:00,3.5,0.3999999999999999
963,2020-12-18 00:00:00,3.8544444444444443,0.10126984126984118
964,2020-12-19 00:00:00,,0.0
965,2020-12-20 00:00:00,2.0,-0.48111847794753526
966,2020-12-21 00:00:00,3.85,0.925
967,2020-12-22 00:00:00,4.363888888888889,0.13347763347763353
968,2020-12-23 00:00:00,9.476666666666667,1.1716104392106939
969,2020-12-24 00:00:00,12.619333333333334,0.3316215265564544
970,2020-12-25 00:00:00,18.711333333333336,0.48275133393206215
971,2020-12-26 00:00:00,9.20888888888889,-0.5078443248892531
972,2020-12-27 00:00:00,6.045238095238095,-0.34354316050744627
973,2020-12-28 00:00:00,5.392857142857143,-0.10791650256006291
974,2020-12-29 00:00:00,5.7170000000000005,0.06010596026490078
975,2020-12-30 00:00:00,23.664545454545454,3.139329273140712
976,2020-12-31 00:00:00,5.516,-0.7669086857977028
977,2021-01-01 00:00:00,35.163333333333334,5.374788494077834
978,2021-01-02 00:00:00,5.218,-0.8516067873732107
979,2021-01-03 00:00:00,7.018000000000001,0.3449597546952856
980,2021-01-04 00:00:00,7.9630769230769225,0.13466470833241972
981,2021-01-05 00:00:00,6.051111111111111,-0.240103898334192
982,2021-01-06 00:00:00,17.195,1.841626882115314
983,2021-01-07 00:00:00,8.196842105263158,-0.5233008371466614
984,2021-01-08 00:00:00,5.0616666666666665,-0.382485766876418
985,2021-01-09 00:00:00,10.032857142857141,0.9821252175549176
986,2021-01-10 00:00:00,10.264285714285714,0.023067065356685346
987,2021-01-11 00:00:00,5.703846153846154,-0.4443016969113003
988,2021-01-12 00:00:00,6.6005882352941185,0.15721708777914412
989,2021-01-13 00:00:00,7.3293103448275865,0.11040260103439037
990,2021-01-14 00:00:00,5.1066666666666665,-0.3032541362816593
991,2021-01-15 00:00:00,6.13,0.20039164490861627
992,2021-01-16 00:00:00,8.226363636363637,0.341984279994068
993,2021-01-17 00:00:00,3.622,-0.5597082550558072
994,2021-01-18 00:00:00,14.119333333333334,2.8982146143935212
995,2021-01-19 00:00:00,12.05,-0.14656027196751498
996,2021-01-20 00:00:00,8.198,-0.31966804979253116
997,2021-01-21 00:00:00,4.5,-0.4510856306416199
998,2021-01-22 00:00:00,5.9925,0.33166666666666655
999,2021-01-23 00:00:00,30.716153846153848,4.125766182086583
1000,2021-01-24 00:00:00,11.193333333333333,-0.635588056063376
1001,2021-01-25 00:00:00,8.301904761904762,-0.2583170254403131
1002,2021-01-26 00:00:00,5.999230769230769,-0.2773669487561883
1003,2021-01-27 00:00:00,6.938208955223881,0.1565164305412292
1004,2021-01-28 00:00:00,13.9844,1.0155633954308825
1005,2021-01-29 00:00:00,8.163076923076924,-0.4162726378624093
1006,2021-01-30 00:00:00,9.942631578947369,0.2180004761243477
1007,2021-01-31 00:00:00,8.672307692307694,-0.1277653583513515
1008,2021-02-01 00:00:00,8.988709677419354,0.03648417426336348
1009,2021-02-02 00:00:00,18.419310344827586,1.0491606699790248
1010,2021-02-03 00:00:00,9.681142857142857,-0.4744025332163717
1011,2021-02-04 00:00:00,16.035333333333334,0.6563471451619249
1012,2021-02-05 00:00:00,14.133076923076922,-0.1186290531486558
1013,2021-02-06 00:00:00,12.817777777777778,-0.09306530718385064
1014,2021-02-07 00:00:00,29.012727272727272,1.2634756020678348
1015,2021-02-08 00:00:00,12.571090909090909,-0.5667042677194961
1016,2021-02-09 00:00:00,9.430384615384614,-0.24983562018750982
1017,2021-02-10 00:00:00,9.912272727272727,0.05109951836979865
1018,2021-02-11 00:00:00,23.777878787878787,1.3988321792696534
1019,2021-02-12 00:00:00,20.17,-0.15173257547758923
1020,2021-02-13 00:00:00,9.537701149425287,-0.5271343009704865
1021,2021-02-14 00:00:00,12.750751445086706,0.33687890250734354
1022,2021-02-15 00:00:00,13.901743119266055,0.0902685366534115
1023,2021-02-16 00:00:00,13.842763157894737,-0.004242630644611722
1024,2021-02-17 00:00:00,14.530552486187846,0.04968584092987616
1025,2021-02-18 00:00:00,23.868787878787877,0.6426621012158058
1026,2021-02-19 00:00:00,28.5370796460177,0.1955814342536648
1027,2021-02-20 00:00:00,19.456176470588236,-0.3182141721602787
1028,2021-02-21 00:00:00,22.467992831541217,0.15480001250533082
1029,2021-02-22 00:00:00,34.28847826086957,0.5261033114063669
1030,2021-02-23 00:00:00,28.88259259259259,-0.15765895549952824
1031,2021-02-24 00:00:00,31.144927536231883,0.07832866583519604
1032,2021-02-25 00:00:00,32.18324324324324,0.033338196269792286
1033,2021-02-26 00:00:00,38.38666666666666,0.19275320938096607
1034,2021-02-27 00:00:00,34.15837209302325,-0.11015008441238483
1035,2021-02-28 00:00:00,31.5287037037037,-0.07698459347413256
1036,2021-03-01 00:00:00,28.05711111111111,-0.11010895421573519
1037,2021-03-02 00:00:00,44.762173913043476,0.595394969060691
1038,2021-03-03 00:00:00,36.60619047619048,-0.18220704500851748
1039,2021-03-04 00:00:00,39.11083333333333,0.06842129226126192
1040,2021-03-05 00:00:00,34.526,-0.11722668484861387
1041,2021-03-06 00:00:00,25.116666666666667,-0.2725289154067466
1042,2021-03-07 00:00:00,22.86441176470588,-0.0896717280143644
1043,2021-03-08 00:00:00,28.066111111111113,0.22750199742443034
1044,2021-03-09 00:00:00,26.000999999999998,-0.07358023713850248
1045,2021-03-10 00:00:00,28.302692307692308,0.08852322247960887
1046,2021-03-11 00:00:00,100.25478632478632,2.542234966019058
1047,2021-03-12 00:00:00,38.47518248175183,-0.6162259789063109
1048,2021-03-13 00:00:00,40.40018518518519,0.050032321597080376
1049,2021-03-14 00:00:00,39.77081967213115,-0.015578282875911897
1050,2021-03-15 00:00:00,32.72363636363636,-0.1771948218968442
1051,2021-03-16 00:00:00,35.31521739130435,0.07919599762292462
1052,2021-03-17 00:00:00,37.3287037037037,0.05701469397991388
1053,2021-03-18 00:00:00,34.51176470588235,-0.07546308117690836
1054,2021-03-19 00:00:00,28.979795918367348,-0.16029226075976655
1055,2021-03-20 00:00:00,33.443673469387754,0.15403412652023563
1056,2021-03-21 00:00:00,37.547031249999996,0.1226945892881115
1057,2021-03-22 00:00:00,30.711153846153845,-0.18206172835158974
1058,2021-03-23 00:00:00,37.67134615384615,0.2266340217159888
1059,2021-03-24 00:00:00,28.453200000000002,-0.24469914391166503
1060,2021-03-25 00:00:00,29.68,0.04311641572828351
1061,2021-03-26 00:00:00,29.965625,0.00962348382749334
1062,2021-03-27 00:00:00,23.78326086956522,-0.20631520718939722
1063,2021-03-28 00:00:00,25.745744680851065,0.08251533807953071
1064,2021-03-29 00:00:00,47.07388888888889,0.8284143446781354
1065,2021-03-30 00:00:00,20.954761904761906,-0.5548538181278672
1066,2021-03-31 00:00:00,23.76214285714286,0.13397341211226
1067,2021-04-01 00:00:00,22.037419354838708,-0.07258282692234985
1068,2021-04-02 00:00:00,24.706315789473685,0.12110748503086288
1069,2021-04-03 00:00:00,21.4255,-0.13279259511737895
1070,2021-04-04 00:00:00,17.6556,-0.17595388672376377
1071,2021-04-05 00:00:00,22.531041666666667,0.27614137535210737
1072,2021-04-06 00:00:00,21.218064516129033,-0.0582741432891718
1073,2021-04-07 00:00:00,19.73709677419355,-0.06979749452687911
1074,2021-04-08 00:00:00,28.126882352941173,0.4250769844588973
1075,2021-04-09 00:00:00,31.009047619047617,0.10247012910782338
1076,2021-04-10 00:00:00,33.1165,0.06796249942413124
1077,2021-04-11 00:00:00,33.94873015873016,0.02513037786994876
1078,2021-04-12 00:00:00,34.48375,0.015759642224269177
1079,2021-04-13 00:00:00,34.703421052631576,0.00637027738084095
1080,2021-04-14 00:00:00,30.317600000000002,-0.12638007780212768
1081,2021-04-15 00:00:00,29.547962962962963,-0.02538581672154261
1082,2021-04-16 00:00:00,29.1975,-0.01186081637513392
1083,2021-04-17 00:00:00,28.70923076923077,-0.016722980760997652
1084,2021-04-18 00:00:00,42.795,0.4906355500777022
1085,2021-04-19 00:00:00,49.945517241379314,0.1670876794340299
1086,2021-04-20 00:00:00,36.34690476190476,-0.2722689288360849
1087,2021-04-21 00:00:00,32.79064516129032,-0.09784215805747942
1088,2021-04-22 00:00:00,34.15375,0.0415699304482986
1089,2021-04-23 00:00:00,29.941025641025643,-0.12334588029057891
1090,2021-04-24 00:00:00,31.014090909090907,0.03583929558494936
1091,2021-04-25 00:00:00,28.323125,-0.08676591285486057
1092,2021-04-26 00:00:00,30.8215625,0.08821192929805588
1093,2021-04-27 00:00:00,49.598571428571425,0.6092166459299857
1094,2021-04-28 00:00:00,30.64483870967742,-0.3821427144568048
1095,2021-04-29 00:00:00,27.169583333333332,-0.1134042639045324
1096,2021-04-30 00:00:00,32.8764,0.2100443203950495
1097,2021-05-01 00:00:00,38.339000000000006,0.16615566181212094
1098,2021-05-02 00:00:00,38.39102564102564,0.0013569900369241328
1099,2021-05-03 00:00:00,27.622426035502958,-0.2804978357758455
1100,2021-05-04 00:00:00,28.86813559322034,0.045097760642612617
1101,2021-05-05 00:00:00,40.22666666666667,0.3934625787234374
1102,2021-05-06 00:00:00,31.40041666666667,-0.2194129101756711
1103,2021-05-07 00:00:00,25.89125,-0.1754488395854621
1104,2021-05-08 00:00:00,40.8,0.5758219475691595
1105,2021-05-09 00:00:00,27.6208,-0.3230196078431372
1106,2021-05-10 00:00:00,30.4796,0.10350170885709331
1107,2021-05-11 00:00:00,21.392105263157895,-0.2981500655140522
1108,2021-05-12 00:00:00,23.607333333333333,0.10355353261983846
1109,2021-05-13 00:00:00,17.3646,-0.26444042811555735
1110,2021-05-14 00:00:00,23.856923076923074,0.3738826737686485
1111,2021-05-15 00:00:00,24.125999999999998,0.011278777326368727
1112,2021-05-16 00:00:00,17.411,-0.2783304318991957
1113,2021-05-17 00:00:00,20.99,0.20555970363563247
1114,2021-05-18 00:00:00,66.46555555555557,2.1665343285162253
1115,2021-05-19 00:00:00,18.25642857142857,-0.7253249684166283
1116,2021-05-20 00:00:00,16.901999999999997,-0.07418913103016567
1117,2021-05-21 00:00:00,25.151818181818182,0.4880971590236769
1118,2021-05-22 00:00:00,20.161875,-0.19839294104890315
1119,2021-05-23 00:00:00,39.480000000000004,0.9581512136148056
1120,2021-05-24 00:00:00,48.894999999999996,0.23847517730496426
1121,2021-05-25 00:00:00,22.62933333333333,-0.5371851245866994
1122,2021-05-26 00:00:00,24.799166666666665,0.09588587084609945
1123,2021-05-27 00:00:00,20.413999999999998,-0.1768271783326053
1124,2021-05-28 00:00:00,24.909333333333333,0.2202083537441626
1125,2021-05-29 00:00:00,31.641,0.270246761588695
1126,2021-05-30 00:00:00,38.027,0.2018267437818022
1127,2021-05-31 00:00:00,20.607142857142858,-0.4580918069491977
1128,2021-06-01 00:00:00,21.186666666666667,0.028122472559214406
1129,2021-06-02 00:00:00,15.455833333333333,-0.27049244808055384
1130,2021-06-03 00:00:00,21.253999999999998,0.3751442281770636
1131,2021-06-04 00:00:00,20.4,-0.040180671873529694
1132,2021-06-05 00:00:00,15.985,-0.216421568627451
1133,2021-06-06 00:00:00,18.271428571428572,0.14303588185352356
1134,2021-06-07 00:00:00,26.964285714285715,0.47576231430805316
1135,2021-06-08 00:00:00,23.782857142857143,-0.11798675496688749
1136,2021-06-09 00:00:00,15.49,-0.3486905333974051
1137,2021-06-10 00:00:00,16.915882352941175,0.09205179812402675
1138,2021-06-11 00:00:00,19.089565217391304,0.12849952601332615
1139,2021-06-12 00:00:00,22.12,0.15874823486539436
1140,2021-06-13 00:00:00,17.708333333333332,-0.19944243520192895
1141,2021-06-14 00:00:00,27.0625,0.5282352941176471
1142,2021-06-15 00:00:00,20.296666666666667,-0.25000769822940727
1143,2021-06-16 00:00:00,33.36538461538461,0.6438849375292139
1144,2021-06-17 00:00:00,22.518125,-0.3251051873198847
1145,2021-06-18 00:00:00,15.403333333333334,-0.3159584408855829
1146,2021-06-19 00:00:00,13.471666666666666,-0.1254057563297989
1147,2021-06-20 00:00:00,17.226666666666667,0.27873314363478907
1148,2021-06-21 00:00:00,16.088461538461537,-0.06607227911407487
1149,2021-06-22 00:00:00,23.36466666666667,0.4522623316598935
1150,2021-06-23 00:00:00,18.712666666666667,-0.19910406026193406
1151,2021-06-24 00:00:00,19.38444444444444,0.035899628296934605
1152,2021-06-25 00:00:00,23.336521739130436,0.20387880117031965
1153,2021-06-26 00:00:00,23.3445,0.00034187874948754526
1154,2021-06-27 00:00:00,18.990000000000002,-0.18653215960932978
1155,2021-06-28 00:00:00,26.118666666666666,0.3753905564332103
1156,2021-06-29 00:00:00,19.57195652173913,-0.25065254013454763
1157,2021-06-30 00:00:00,19.2505,-0.016424342726394148
1158,2021-07-01 00:00:00,51.566428571428574,1.6787059334265901
1159,2021-07-02 00:00:00,39.45294117647059,-0.23491034245621012
1160,2021-07-03 00:00:00,23.422142857142855,-0.40632707831902704
1161,2021-07-04 00:00:00,45.204,0.9299685889420879
1162,2021-07-05 00:00:00,45.8916,0.01521104327050704
1163,2021-07-06 00:00:00,28.049333333333333,-0.38879155807744037
1164,2021-07-07 00:00:00,26.579473684210527,-0.05240265897428842
1165,2021-07-08 00:00:00,21.858947368421052,-0.17760044355557314
1166,2021-07-09 00:00:00,17.2888679245283,-0.20907134121632065
1167,2021-07-10 00:00:00,26.528076923076924,0.5344021967708277
1168,2021-07-11 00:00:00,25.833235294117646,-0.026192687505170453
1169,2021-07-12 00:00:00,33.947941176470586,0.31411883916067995
1170,2021-07-13 00:00:00,39.22428571428571,0.15542458113696078
1171,2021-07-14 00:00:00,28.298518518518517,-0.27854598233736527
1172,2021-07-15 00:00:00,29.5192,0.04313587938120045
1173,2021-07-16 00:00:00,24.265813953488372,-0.17796505482911562
1174,2021-07-17 00:00:00,35.45325581395349,0.4610371563018123
1175,2021-07-18 00:00:00,22.388095238095236,-0.36851793371022756
1176,2021-07-19 00:00:00,31.74111111111111,0.41776737920521834
1177,2021-07-20 00:00:00,19.209545454545456,-0.3948055130363387
1178,2021-07-21 00:00:00,20.111,0.04692742717872256
1179,2021-07-22 00:00:00,29.658333333333335,0.474731904596158
1180,2021-07-23 00:00:00,29.757368421052632,0.0033391993611451287
1181,2021-07-24 00:00:00,33.804761904761904,0.13601315232047995
1182,2021-07-25 00:00:00,21.841304347826085,-0.35389858951352615
1183,2021-07-26 00:00:00,29.96017543859649,0.37172098156209676
1184,2021-07-27 00:00:00,29.5278125,-0.014431255233555595
1185,2021-07-28 00:00:00,27.707600000000003,-0.061644000888992245
1186,2021-07-29 00:00:00,54.13636363636363,0.9538452856387283
1187,2021-07-30 00:00:00,38.06780415430267,-0.2968163800212772
1188,2021-07-31 00:00:00,52.73366336633663,0.3852562431126285
1189,2021-08-01 00:00:00,50.19288256227758,-0.04818138247685244
1190,2021-08-02 00:00:00,37.36066666666667,-0.2556580782083824
1191,2021-08-03 00:00:00,69.51526315789474,0.8606537131179333
1192,2021-08-04 00:00:00,65.356875,-0.0598197858857199
1193,2021-08-05 00:00:00,59.089078341013824,-0.09590110694530873
1194,2021-08-06 00:00:00,69.62027906976745,0.17822584180406653
1195,2021-08-07 00:00:00,70.72450980392156,0.01586076282526183
1196,2021-08-08 00:00:00,62.13277777777778,-0.1214816765780875
1197,2021-08-09 00:00:00,69.73,0.12227398313647297
1198,2021-08-10 00:00:00,60.44219512195122,-0.1331966854732365
1199,2021-08-11 00:00:00,67.62384615384615,0.11881850117132342
1200,2021-08-12 00:00:00,69.7262962962963,0.031090366224763688
1201,2021-08-13 00:00:00,67.60692307692308,-0.03039560871506941
1202,2021-08-14 00:00:00,60.231052631578955,-0.10909933642375458
1203,2021-08-15 00:00:00,42.16518518518519,-0.29994274808542676
1204,2021-08-16 00:00:00,90.03578947368422,1.1353111359112078
1205,2021-08-17 00:00:00,69.639,-0.2265409077092152
1206,2021-08-18 00:00:00,48.524571428571434,-0.3031983309844851
1207,2021-08-19 00:00:00,50.807435897435894,0.047045535934817195
1208,2021-08-20 00:00:00,70.23,0.3822779827301679
1209,2021-08-21 00:00:00,65.63777777777779,-0.06538832724223576
1210,2021-08-22 00:00:00,65.036,-0.009168161966347399
1211,2021-08-23 00:00:00,78.07248587570622,0.20045030253561436
1212,2021-08-24 00:00:00,109.7220792079208,0.4053872882003744
1213,2021-08-25 00:00:00,99.21573529411765,-0.09575414528824111
1214,2021-08-26 00:00:00,114.87474999999999,0.15782793585576282
1215,2021-08-27 00:00:00,101.72101063829787,-0.11450505321406246
1216,2021-08-28 00:00:00,142.13801302931597,0.39733189964788984
1217,2021-08-29 00:00:00,149.23202127659573,0.04990929657794374
1218,2021-08-30 00:00:00,127.33451612903225,-0.14673462813304194
1219,2021-08-31 00:00:00,122.26666666666667,-0.039799495191312984
1220,2021-09-01 00:00:00,98.75,-0.19233914940021812
1221,2021-09-02 00:00:00,105.89479999999999,0.0723524050632911
1222,2021-09-03 00:00:00,110.73714285714286,0.045727862530954067
1223,2021-09-04 00:00:00,224.94736842105263,1.0313633042821722
1224,2021-09-04 18:50:23,,0.0
1225,2021-09-05 00:00:00,104.1723076923077,-0.5369036391778553
1226,2021-09-05 18:16:01,,0.0
1227,2021-09-06 00:00:00,104.31714285714285,0.0013903422900349849
1228,2021-09-06 13:53:16,,0.0
1229,2021-09-06 13:58:42,,0.0
1230,2021-09-06 17:19:40,,0.0
1231,2021-09-07 00:00:00,114.80666666666667,0.10055417088913843
1232,2021-09-07 21:13:36,,0.0
1233,2021-09-07 21:14:59,,0.0
1234,2021-09-07 21:20:17,,0.0
1235,2021-09-08 00:00:00,102.49666666666667,-0.10722373845885835
1236,2021-09-09 00:00:00,104.526,0.019799017854239098
1237,2021-09-10 00:00:00,106.346,0.017411935786311616
1238,2021-09-10 21:12:33,,0.0
1239,2021-09-11 00:00:00,274.896,1.5849209185112745
1240,2021-09-12 00:00:00,106.41,-0.6129081543565567
1241,2021-09-12 19:09:55,,0.0
1242,2021-09-13 00:00:00,97.6709090909091,-0.0821265943904792
1243,2021-09-13 03:44:13,,0.0
1244,2021-09-13 06:25:54,,0.0
1245,2021-09-13 16:29:04,,0.0
1246,2021-09-14 00:00:00,88.95714285714287,-0.08921557416503345
1247,2021-09-15 00:00:00,64.72777777777777,-0.27237121495994165
1248,2021-09-16 00:00:00,110.44833333333334,0.706351386147112
1249,2021-09-16 15:33:11,,0.0
1250,2021-09-17 00:00:00,115.88428571428572,0.04921715173869279
1251,2021-09-17 05:04:23,,0.0
1252,2021-09-17 21:42:13,,0.0
1253,2021-09-17 21:44:24,,0.0
1254,2021-09-18 00:00:00,103.0,-0.11118233706036817
1255,2021-09-18 02:09:12,,0.0
1256,2021-09-18 02:16:18,,0.0
1257,2021-09-18 02:17:16,,0.0
1258,2021-09-18 05:53:45,,0.0
1259,2021-09-18 19:21:44,,0.0
1260,2021-09-19 00:00:00,94.66555555555556,-0.08091693635382957
1261,2021-09-20 00:00:00,113.65727272727273,0.20061908537125372
1262,2021-09-20 16:39:32,,0.0
1263,2021-09-21 00:00:00,105.39473684210526,-0.07269693955259604
1264,2021-09-21 13:44:10,,0.0
1265,2021-09-21 15:31:45,,0.0
1266,2021-09-21 15:46:11,,0.0
1267,2021-09-21 16:34:33,,0.0
1268,2021-09-21 17:20:53,,0.0
1269,2021-09-21 17:21:49,,0.0
1270,2021-09-21 17:22:00,,0.0
1271,2021-09-21 17:25:45,,0.0
1272,2021-09-21 17:46:57,,0.0
1273,2021-09-21 17:47:16,,0.0
1274,2021-09-21 17:53:27,,0.0
1275,2021-09-21 17:54:29,,0.0
1276,2021-09-21 18:13:03,,0.0
1277,2021-09-21 19:58:32,,0.0
1278,2021-09-21 20:28:02,0.0,-1.0
1279,2021-09-21 21:43:26,,
1280,2021-09-21 22:07:25,,
1281,2021-09-22 00:00:00,107.460625,inf
1282,2021-09-22 00:02:38,,0.0
1283,2021-09-22 00:05:04,,0.0
1284,2021-09-22 00:08:56,,0.0
1285,2021-09-22 01:37:05,,0.0
1286,2021-09-22 02:12:46,,0.0
1287,2021-09-22 02:26:39,,0.0
1288,2021-09-22 02:42:48,,0.0
1289,2021-09-22 06:47:12,,0.0
1290,2021-09-22 06:48:44,,0.0
1291,2021-09-22 06:51:59,,0.0
1292,2021-09-22 06:55:56,,0.0
1293,2021-09-22 10:44:09,,0.0
1294,2021-09-22 10:53:22,,0.0
1295,2021-09-22 10:54:30,,0.0
1296,2021-09-22 11:30:02,,0.0
1297,2021-09-22 11:31:18,,0.0
1298,2021-09-22 11:35:31,,0.0
1299,2021-09-22 11:35:56,,0.0
1300,2021-09-22 11:40:37,,0.0
1301,2021-09-22 11:48:31,,0.0
1302,2021-09-22 11:49:17,,0.0
1303,2021-09-22 12:22:24,,0.0
1304,2021-09-22 16:31:14,,0.0
1305,2021-09-22 18:27:03,,0.0
1306,2021-09-22 18:28:50,,0.0
1307,2021-09-22 19:01:07,,0.0
1308,2021-09-22 19:01:59,,0.0
1309,2021-09-22 20:31:58,,0.0
1310,2021-09-22 23:28:32,,0.0
1311,2021-09-23 00:00:00,119.95166666666667,0.11623831209493418
1312,2021-09-23 00:17:45,,0.0
1313,2021-09-23 00:37:44,,0.0
1314,2021-09-23 01:49:17,,0.0
1315,2021-09-23 01:57:59,,0.0
1316,2021-09-23 01:59:31,,0.0
1317,2021-09-23 02:50:51,,0.0
1318,2021-09-23 09:30:01,,0.0
1319,2021-09-23 10:23:17,,0.0
1320,2021-09-23 12:28:02,,0.0
1321,2021-09-23 14:54:59,,0.0
1322,2021-09-23 16:42:37,,0.0
1323,2021-09-23 16:47:32,,0.0
1324,2021-09-23 16:51:36,,0.0
1325,2021-09-23 17:20:14,,0.0
1326,2021-09-23 18:27:19,,0.0
1327,2021-09-23 18:29:33,,0.0
1328,2021-09-23 18:32:15,,0.0
1329,2021-09-23 18:59:27,,0.0
1330,2021-09-23 19:49:33,,0.0
1331,2021-09-23 20:13:30,,0.0
1332,2021-09-23 20:19:11,,0.0
1333,2021-09-23 20:27:45,,0.0
1334,2021-09-23 21:26:50,,0.0
1335,2021-09-23 21:30:36,,0.0
1336,2021-09-24 00:00:00,134.42444444444445,0.12065507866594416
1337,2021-09-24 00:17:28,,0.0
1338,2021-09-24 03:57:51,,0.0
1339,2021-09-24 04:01:19,,0.0
1340,2021-09-24 04:01:44,,0.0
1341,2021-09-24 04:56:42,,0.0
1342,2021-09-24 05:16:55,,0.0
1343,2021-09-24 05:41:01,,0.0
1344,2021-09-24 05:43:08,,0.0
1345,2021-09-24 05:46:14,,0.0
1346,2021-09-24 05:47:19,,0.0
1347,2021-09-24 15:16:01,,0.0
1348,2021-09-24 15:34:55,108.0,-0.19657469706237296
1349,2021-09-24 16:15:50,,0.0
1350,2021-09-24 16:28:50,129.0,0.19444444444444442
1351,2021-09-24 16:59:28,,0.0
1352,2021-09-24 17:13:47,118.88,-0.07844961240310078
1353,2021-09-24 17:34:40,,0.0
1354,2021-09-24 17:40:37,114.9,-0.03347913862718699
1355,2021-09-24 18:09:21,,0.0
1356,2021-09-24 19:08:23,,0.0
1357,2021-09-24 20:21:47,,0.0
1358,2021-09-24 20:29:13,105.44,-0.08233246301131425
1359,2021-09-24 21:10:37,,0.0
1360,2021-09-24 21:26:16,,0.0
1361,2021-09-24 21:27:06,,0.0
1362,2021-09-24 21:30:03,,0.0
1363,2021-09-24 21:32:02,116.245,0.10247534142640369
1364,2021-09-24 21:32:03,119.0,0.02369994408361653
1365,2021-09-24 21:32:23,117.25,-0.014705882352941124
1366,2021-09-24 21:50:22,,0.0
1367,2021-09-24 21:50:23,,0.0
1368,2021-09-24 21:54:56,,0.0
1369,2021-09-24 21:56:04,,0.0
1370,2021-09-24 21:56:05,,0.0
1371,2021-09-24 21:56:41,,0.0
1372,2021-09-24 22:17:27,109.79,-0.0636247334754797
1373,2021-09-24 22:48:03,108.5,-0.011749703980326154
1374,2021-09-24 23:07:57,120.22,0.1080184331797236
1375,2021-09-25 00:00:00,138.37333333333333,0.15100094271613163
1376,2021-09-25 00:00:39,102.0,-0.26286375024089426
1377,2021-09-25 00:16:41,105.0,0.02941176470588225
1378,2021-09-25 00:20:36,230.3,1.1933333333333334
1379,2021-09-25 00:44:29,128.0,-0.44420321320017375
1380,2021-09-25 00:47:23,106.0,-0.171875
1381,2021-09-25 01:13:44,,0.0
1382,2021-09-25 01:15:56,108.99,0.02820754716981133
1383,2021-09-25 01:18:22,,0.0
1384,2021-09-25 01:28:39,110.0,0.009266905220662425
1385,2021-09-25 01:58:56,120.0,0.09090909090909083
1386,2021-09-25 02:04:31,130.0,0.08333333333333326
1387,2021-09-25 02:16:45,118.69,-0.08699999999999997
1388,2021-09-25 03:25:55,,0.0
1389,2021-09-25 11:39:51,,0.0
1390,2021-09-25 15:04:07,,0.0
1391,2021-09-25 16:19:08,,0.0
1392,2021-09-25 16:40:02,,0.0
1393,2021-09-25 17:43:00,,0.0
1394,2021-09-25 21:32:25,,0.0
1395,2021-09-25 21:34:35,,0.0
1396,2021-09-25 23:14:30,,0.0
1397,2021-09-25 23:18:19,,0.0
1398,2021-09-25 23:19:47,,0.0
1399,2021-09-25 23:20:10,,0.0
1400,2021-09-25 23:21:19,,0.0
1401,2021-09-26 00:00:00,117.6718181818182,-0.008578497077949332
1402,2021-09-26 00:14:41,,0.0
1403,2021-09-26 00:35:25,,0.0
1404,2021-09-26 00:50:45,,0.0
1405,2021-09-26 04:14:35,,0.0
1406,2021-09-26 08:58:34,,0.0
1407,2021-09-26 09:37:13,,0.0
1408,2021-09-26 09:41:42,,0.0
1409,2021-09-26 11:29:48,,0.0
1410,2021-09-26 14:52:49,,0.0
1411,2021-09-26 16:38:59,,0.0
1412,2021-09-26 16:39:45,,0.0
1413,2021-09-26 16:48:05,,0.0
1414,2021-09-26 16:56:09,,0.0
1415,2021-09-26 18:54:10,,0.0
1416,2021-09-26 20:45:07,,0.0
1417,2021-09-26 21:10:18,,0.0
1418,2021-09-27 00:00:00,123.09142857142857,0.04605699540765462
1419,2021-09-27 01:11:29,,0.0
1420,2021-09-27 10:01:21,,0.0
1421,2021-09-27 20:25:26,,0.0
1422,2021-09-27 22:04:45,,0.0
1423,2021-09-28 00:00:00,118.22875,-0.03950460749268825
1424,2021-09-28 01:49:32,,0.0
1425,2021-09-28 04:28:35,,0.0
1426,2021-09-28 04:43:17,,0.0
1427,2021-09-28 06:43:45,,0.0
1428,2021-09-28 06:46:05,,0.0
1429,2021-09-28 06:46:34,,0.0
1430,2021-09-28 06:46:56,,0.0
1431,2021-09-28 15:58:39,,0.0
1432,2021-09-28 18:35:43,,0.0
1433,2021-09-28 18:36:07,,0.0
1434,2021-09-28 18:37:00,,0.0
1435,2021-09-28 18:40:58,,0.0
1436,2021-09-28 18:43:26,,0.0
1437,2021-09-28 20:20:10,,0.0
1438,2021-09-28 20:25:56,,0.0
1439,2021-09-28 21:00:22,,0.0
1440,2021-09-28 23:23:30,,0.0
1441,2021-09-29 00:00:00,198.475,0.6787371937874669
1442,2021-09-29 03:31:40,,0.0
1443,2021-09-29 03:36:54,129.66,-0.34671873031867995
1444,2021-09-29 03:50:56,,0.0
1445,2021-09-29 04:43:50,113.5,-0.12463365725744247
1446,2021-09-29 05:16:41,169.0,0.4889867841409692
1447,2021-09-29 07:52:36,230.0,0.36094674556213024
1448,2021-09-29 07:52:38,119.0,-0.4826086956521739
1449,2021-09-29 09:14:52,128.0,0.07563025210084029
1450,2021-09-29 09:22:14,,0.0
1451,2021-09-29 10:30:56,,0.0
1452,2021-09-29 12:02:16,,0.0
1453,2021-09-29 12:18:17,,0.0
1454,2021-09-29 12:27:58,,0.0
1455,2021-09-29 12:48:14,144.4,0.12812500000000004
1456,2021-09-29 12:51:52,,0.0
1457,2021-09-29 12:57:37,,0.0
1458,2021-09-29 13:04:31,,0.0
1459,2021-09-29 13:07:07,,0.0
1460,2021-09-29 13:43:06,116.0,-0.19667590027700832
1461,2021-09-29 14:24:06,199.0,0.7155172413793103
1462,2021-09-29 15:45:19,,0.0
1463,2021-09-29 15:50:24,,0.0
1464,2021-09-29 16:28:58,123.0,-0.38190954773869346
1465,2021-09-29 16:33:45,136.95,0.11341463414634134
1466,2021-09-29 17:12:51,195.0,0.4238773274917855
1467,2021-09-29 17:44:00,,0.0
1468,2021-09-29 17:45:35,,0.0
1469,2021-09-29 19:03:22,133.0,-0.31794871794871793
1470,2021-09-29 19:06:51,290.0,1.1804511278195489
1471,2021-09-29 19:13:37,115.5,-0.6017241379310345
1472,2021-09-29 19:19:11,,0.0
1473,2021-09-29 20:00:31,134.8,0.1670995670995672
1474,2021-09-29 23:52:18,120.0,-0.10979228486646897
1475,2021-09-30 01:13:27,122.8,0.023333333333333206
1476,2021-09-30 03:19:16,268.0,1.1824104234527688
1477,2021-09-30 03:34:39,140.0,-0.4776119402985075
1478,2021-09-30 05:11:28,127.99,-0.08578571428571435
1479,2021-09-30 06:34:01,140.0,0.09383545589499187
1480,2021-09-30 07:13:43,114.9,-0.17928571428571427
1481,2021-09-30 08:15:44,129.74,0.12915578764142732
1482,2021-09-30 08:17:44,129.0,-0.005703715122552855
1483,2021-09-30 09:24:08,115.99,-0.10085271317829458
1484,2021-09-30 10:40:17,,0.0
1485,2021-09-30 10:42:57,,0.0
1486,2021-09-30 11:04:10,121.0,0.04319337873954665
1487,2021-09-30 11:36:40,110.0,-0.09090909090909094
1488,2021-09-30 11:39:46,107.5,-0.022727272727272707
1489,2021-09-30 12:54:04,120.0,0.11627906976744184
1490,2021-09-30 13:13:36,118.88,-0.009333333333333416
1491,2021-09-30 13:25:27,108.5,-0.08731493943472401
1492,2021-09-30 13:31:52,109.0,0.004608294930875667
1493,2021-09-30 13:49:38,112.0,0.02752293577981657
1494,2021-09-30 14:16:31,,0.0
1495,2021-09-30 14:18:28,,0.0
1496,2021-09-30 15:32:51,110.99,-0.009017857142857189
1497,2021-09-30 15:47:34,130.0,0.1712766915938373
1498,2021-09-30 16:58:43,119.0,-0.08461538461538465
1499,2021-09-30 17:37:51,,0.0
1500,2021-09-30 17:40:16,,0.0
1501,2021-09-30 17:41:52,135.0,0.134453781512605
1502,2021-09-30 17:56:55,116.0,-0.14074074074074072
1503,2021-09-30 17:58:03,,0.0
1504,2021-09-30 19:16:02,119.95,0.034051724137931005
1505,2021-09-30 19:23:45,,0.0
1506,2021-09-30 19:49:37,111.94,-0.0667778240933723
1507,2021-09-30 19:50:20,113.0,0.009469358584956344
1508,2021-09-30 19:50:23,114.4975,0.013252212389380569
1509,2021-09-30 19:52:40,120.0,0.04805781785628516
1510,2021-09-30 19:53:40,123.25,0.027083333333333348
1511,2021-09-30 19:54:52,,0.0
1512,2021-09-30 19:57:03,115.0,-0.06693711967545635
1513,2021-09-30 19:59:21,,0.0
1514,2021-09-30 20:21:21,125.0,0.08695652173913038
1515,2021-09-30 20:41:09,115.0,-0.07999999999999996
1516,2021-09-30 20:44:18,135.0,0.17391304347826098
1517,2021-09-30 20:48:07,116.0,-0.14074074074074072
1518,2021-09-30 20:51:01,119.0,0.02586206896551735
1519,2021-09-30 21:00:07,250.0,1.1008403361344539
1520,2021-09-30 21:16:17,118.88,-0.5244800000000001
1521,2021-09-30 21:17:46,129.99,0.09345558546433397
1522,2021-09-30 21:19:03,120.0,-0.07685206554350343
1523,2021-09-30 21:36:51,120.0,0.0
1524,2021-09-30 21:40:34,157.8,0.31500000000000017
1525,2021-09-30 21:42:57,,0.0
1526,2021-09-30 21:43:32,,0.0
1527,2021-09-30 22:07:06,,0.0
1528,2021-09-30 22:07:10,122.5,-0.22370088719898606
1529,2021-09-30 23:07:46,,0.0
1530,2021-10-01 00:29:47,299.99,1.4488979591836735
1531,2021-10-01 00:33:57,117.69,-0.60768692289743
1532,2021-10-01 00:36:02,123.5,0.04936698105191617
1533,2021-10-01 00:38:58,158.0,0.27935222672064786
1534,2021-10-01 00:57:43,128.0,-0.189873417721519
1535,2021-10-01 01:15:06,121.9,-0.047656249999999956
1536,2021-10-01 01:18:48,120.0,-0.015586546349466768
1537,2021-10-01 01:22:59,124.88,0.04066666666666663
1538,2021-10-01 01:32:10,123.4,-0.011851377322229295
1539,2021-10-01 01:43:27,124.0,0.004862236628849326
1540,2021-10-01 01:45:38,121.0,-0.024193548387096753
1541,2021-10-01 03:10:26,,0.0
1542,2021-10-01 03:20:52,,0.0
1543,2021-10-01 03:24:03,,0.0
1544,2021-10-01 03:48:42,164.99,0.3635537190082645
1545,2021-10-01 03:59:40,125.9,-0.23692344990605496
1546,2021-10-01 04:10:45,,0.0
1547,2021-10-01 04:34:57,,0.0
1548,2021-10-01 04:53:27,139.0,0.10405083399523418
1549,2021-10-01 04:56:20,330.0,1.3741007194244603
1550,2021-10-01 06:07:46,119.99,-0.6363939393939394
1551,2021-10-01 06:14:00,123.0,0.02508542378531553
1552,2021-10-01 06:43:16,125.0,0.016260162601626105
1553,2021-10-01 07:47:10,,0.0
1554,2021-10-01 07:50:40,,0.0
1555,2021-10-01 07:52:12,,0.0
1556,2021-10-01 08:30:22,135.0,0.08000000000000007
1557,2021-10-01 09:09:15,128.0,-0.051851851851851816
1558,2021-10-01 09:44:30,121.0,-0.0546875
1559,2021-10-01 10:09:20,123.99,0.024710743801652946
1560,2021-10-01 11:41:44,132.0,0.0646019840309704
1561,2021-10-01 11:56:50,125.0,-0.05303030303030298
1562,2021-10-01 12:03:46,134.99,0.07991999999999999
1563,2021-10-01 12:26:46,143.9,0.06600488925105563
1564,2021-10-01 12:41:40,,0.0
1565,2021-10-01 12:41:58,,0.0
1566,2021-10-01 13:11:20,145.0,0.007644197359277127
1567,2021-10-01 13:24:22,125.0,-0.13793103448275867
1568,2021-10-01 13:35:09,,0.0
1569,2021-10-01 14:15:55,132.0,0.05600000000000005
1570,2021-10-01 14:19:15,,0.0
1571,2021-10-01 14:38:11,,0.0
1572,2021-10-01 14:39:57,125.0,-0.05303030303030298
1573,2021-10-01 14:58:29,,0.0
1574,2021-10-01 15:06:28,169.95,0.3595999999999999
1575,2021-10-01 15:34:38,165.0,-0.029126213592232997
1576,2021-10-01 16:29:09,135.0,-0.18181818181818177
1577,2021-10-01 17:02:29,,0.0
1578,2021-10-01 17:53:54,144.99,0.07400000000000007
1579,2021-10-01 19:19:57,130.0,-0.10338644044416867
1580,2021-10-01 19:35:25,,0.0
1581,2021-10-01 19:41:12,149.0,0.14615384615384608
1582,2021-10-01 20:01:00,,0.0
1583,2021-10-01 20:56:13,134.5,-0.09731543624161076
1584,2021-10-01 21:29:08,,0.0
1585,2021-10-01 21:48:49,129.69,-0.03576208178438667
1586,2021-10-01 21:50:49,125.0,-0.036163158300562825
1587,2021-10-01 21:54:29,130.0,0.040000000000000036
1588,2021-10-01 22:07:36,123.99,-0.0462307692307693
1589,2021-10-01 22:16:32,136.0,0.09686265021372686
1590,2021-10-01 22:44:47,190.0,0.3970588235294117
1591,2021-10-01 23:02:13,,0.0
1592,2021-10-01 23:07:43,125.0,-0.3421052631578947
1593,2021-10-01 23:25:43,134.0,0.07200000000000006
1594,2021-10-01 23:33:51,220.0,0.6417910447761195
1595,2021-10-01 23:45:35,130.0,-0.40909090909090906
1596,2021-10-02 00:06:50,138.99,0.06915384615384612
1597,2021-10-02 00:15:14,127.0,-0.08626519893517526
1598,2021-10-02 00:52:05,124.99,-0.015826771653543292
1599,2021-10-02 01:02:59,159.99,0.28002240179214355
1600,2021-10-02 02:14:38,124.5,-0.22182636414775925
1601,2021-10-02 02:44:30,149.99,0.20473895582329327
1602,2021-10-02 02:47:17,127.99,-0.1466764450963398
1603,2021-10-02 03:32:06,242.69,0.8961637627939683
1604,2021-10-02 03:56:36,,0.0
1605,2021-10-02 04:16:44,130.0,-0.4643372203222218
1606,2021-10-02 05:31:15,133.0,0.023076923076922995
1607,2021-10-02 05:59:02,124.9,-0.06090225563909768
1608,2021-10-02 06:54:56,,0.0
1609,2021-10-02 07:00:45,,0.0
1610,2021-10-02 07:16:24,,0.0
1611,2021-10-02 07:20:04,134.99,0.08078462770216177
1612,2021-10-02 10:11:43,137.0,0.014889991851248174
1613,2021-10-02 10:29:11,,0.0
1614,2021-10-02 11:41:50,155.0,0.13138686131386867
1615,2021-10-02 11:58:47,,0.0
1616,2021-10-02 12:00:39,,0.0
1617,2021-10-02 12:02:02,,0.0
1618,2021-10-02 12:03:22,,0.0
1619,2021-10-02 12:04:53,,0.0
1620,2021-10-02 12:42:17,,0.0
1621,2021-10-02 15:39:38,,0.0
1622,2021-10-02 15:56:28,,0.0
1623,2021-10-02 16:20:47,128.0,-0.17419354838709677
1624,2021-10-02 17:25:45,159.0,0.2421875
1625,2021-10-02 19:52:58,168.0,0.05660377358490565
1626,2021-10-02 22:41:54,,0.0
1627,2021-10-03 00:03:17,143.0,-0.14880952380952384
1628,2021-10-03 00:44:53,,0.0
1629,2021-10-03 02:08:00,134.5,-0.05944055944055948
1630,2021-10-03 02:09:37,135.0,0.0037174721189590088
1631,2021-10-03 02:44:52,160.0,0.18518518518518512
1632,2021-10-03 03:04:14,120.0,-0.25
1633,2021-10-03 03:16:25,,0.0
1634,2021-10-03 03:19:59,,0.0
1635,2021-10-03 07:57:45,124.97,0.04141666666666666
1636,2021-10-03 12:34:28,121.97,-0.024005761382731805
1637,2021-10-03 14:49:21,,0.0
1638,2021-10-03 15:20:37,,0.0
1639,2021-10-03 15:42:40,,0.0
1640,2021-10-03 15:44:42,,0.0
1641,2021-10-03 16:19:46,450.0,2.689431827498565
1642,2021-10-03 16:56:40,,0.0
1643,2021-10-03 17:38:37,130.0,-0.7111111111111111
1644,2021-10-03 19:19:03,139.9,0.07615384615384624
1645,2021-10-03 19:20:51,,0.0
1646,2021-10-03 19:20:52,,0.0
1647,2021-10-03 19:42:54,110.0,-0.21372408863473913
1648,2021-10-03 22:36:31,143.0,0.30000000000000004
1649,2021-10-04 00:10:07,288.88,1.0201398601398601
1650,2021-10-04 00:16:37,120.0,-0.5846026031570202
1651,2021-10-04 00:20:03,,0.0
1652,2021-10-04 00:29:00,,0.0
1653,2021-10-04 02:13:26,121.88,0.015666666666666718
1654,2021-10-04 07:24:55,110.0,-0.09747292418772557
1655,2021-10-04 10:20:33,110.0,0.0
1656,2021-10-04 10:32:20,116.0,0.05454545454545445
1657,2021-10-04 12:20:31,128.0,0.10344827586206895
1658,2021-10-04 14:11:34,110.0,-0.140625
1659,2021-10-04 14:12:54,,0.0
1660,2021-10-04 14:19:17,111.0,0.009090909090909038
1661,2021-10-04 14:23:45,114.0,0.027027027027026973
1662,2021-10-04 14:30:58,149.0,0.3070175438596492
1663,2021-10-04 14:39:32,,0.0
1664,2021-10-04 14:46:59,,0.0
1665,2021-10-04 14:52:09,,0.0
1666,2021-10-04 14:57:29,,0.0
1667,2021-10-04 15:00:52,,0.0
1668,2021-10-04 15:04:09,,0.0
1669,2021-10-04 15:07:48,116.0,-0.2214765100671141
1670,2021-10-04 15:07:50,,0.0
1671,2021-10-04 15:09:32,,0.0
1672,2021-10-04 15:17:02,,0.0
1673,2021-10-04 16:30:16,107.5,-0.07327586206896552
1674,2021-10-04 16:30:28,107.5,0.0
1675,2021-10-04 16:37:59,115.0,0.06976744186046502
1676,2021-10-04 16:38:48,109.0,-0.05217391304347829
1677,2021-10-04 16:52:44,109.0,0.0
1678,2021-10-04 16:53:27,,0.0
1679,2021-10-04 17:17:35,113.0,0.03669724770642202
1680,2021-10-04 17:19:22,,0.0
1681,2021-10-04 17:21:39,,0.0
1682,2021-10-04 17:26:20,128.0,0.1327433628318584
1683,2021-10-04 17:29:38,109.99,-0.14070312500000004
1684,2021-10-04 17:35:05,116.88,0.06264205836894265
1685,2021-10-04 17:51:27,,0.0
1686,2021-10-04 20:14:08,,0.0
1687,2021-10-04 20:30:45,,0.0
1688,2021-10-04 20:32:59,,0.0
1689,2021-10-04 21:03:28,,0.0
1690,2021-10-04 21:04:05,,0.0
1691,2021-10-04 21:31:36,128.0,0.09514031485284047
1692,2021-10-04 21:32:29,170.0,0.328125
1693,2021-10-04 21:33:46,,0.0
1694,2021-10-04 21:47:41,119.37,-0.2978235294117647
1695,2021-10-04 21:54:37,122.0,0.02203233643293956
1696,2021-10-04 22:09:14,119.5,-0.020491803278688492
1697,2021-10-04 22:35:00,101.0,-0.15481171548117156
1698,2021-10-04 23:06:58,,0.0
1699,2021-10-04 23:10:58,,0.0
1700,2021-10-04 23:41:15,,0.0
1701,2021-10-04 23:43:28,,0.0
1702,2021-10-04 23:53:39,,0.0
1703,2021-10-05 00:34:59,115.0,0.13861386138613851
1704,2021-10-05 00:49:30,,0.0
1705,2021-10-05 01:02:20,,0.0
1706,2021-10-05 01:45:01,130.0,0.13043478260869557
1707,2021-10-05 07:22:37,140.0,0.07692307692307687
1708,2021-10-05 07:47:53,128.88,-0.07942857142857151
1709,2021-10-05 10:37:48,120.0,-0.06890130353817503
1710,2021-10-05 12:44:16,,0.0
1711,2021-10-05 12:57:04,165.0,0.375
1712,2021-10-05 13:00:04,180.0,0.09090909090909083
1713,2021-10-05 15:34:23,,0.0
1714,2021-10-05 15:35:09,,0.0
1715,2021-10-05 15:48:56,125.0,-0.3055555555555556
1716,2021-10-05 16:37:58,193.5,0.548
1717,2021-10-05 16:46:57,,0.0
1718,2021-10-05 17:07:35,,0.0
1719,2021-10-05 17:08:54,,0.0
1720,2021-10-05 18:24:27,,0.0
1721,2021-10-05 18:59:36,180.0,-0.06976744186046513
1722,2021-10-05 19:37:29,129.99,-0.27783333333333327
1723,2021-10-05 19:55:04,222.22,0.7095161166243555
1724,2021-10-05 20:18:52,,0.0
1725,2021-10-05 20:30:45,,0.0
1726,2021-10-05 21:22:55,133.34,-0.3999639996399964
1727,2021-10-05 23:06:36,115.0,-0.13754312284385783
1728,2021-10-05 23:19:59,130.0,0.13043478260869557
1729,2021-10-06 00:11:36,,0.0
1730,2021-10-06 00:13:22,,0.0
1731,2021-10-06 00:22:26,180.0,0.3846153846153846
1732,2021-10-06 03:28:29,139.0,-0.22777777777777775
1733,2021-10-06 10:45:36,111.0,-0.20143884892086328
1734,2021-10-06 11:36:01,111.0,0.0
1735,2021-10-06 13:14:26,137.95,0.24279279279279264
1736,2021-10-06 14:31:58,,0.0
1737,2021-10-06 17:19:50,,0.0
1738,2021-10-06 17:31:19,,0.0
1739,2021-10-06 17:59:30,,0.0
1740,2021-10-06 18:41:50,,0.0
1741,2021-10-06 18:57:41,148.45,0.07611453425154036
1742,2021-10-06 22:55:59,,0.0
1743,2021-10-07 00:27:26,160.0,0.0778039744021557
1744,2021-10-07 01:26:18,,0.0
1745,2021-10-07 05:17:20,,0.0
1746,2021-10-07 05:57:22,,0.0
1747,2021-10-07 06:13:16,125.0,-0.21875
1748,2021-10-07 10:28:37,,0.0
1749,2021-10-07 10:42:19,,0.0
1750,2021-10-07 10:50:08,,0.0
1751,2021-10-07 11:28:11,120.0,-0.040000000000000036
1752,2021-10-07 14:33:08,117.99,-0.016750000000000043
1753,2021-10-07 17:31:26,,0.0
1754,2021-10-07 17:37:42,,0.0
